#
# There is insufficient memory for the Java Runtime Environment to continue.
# Native memory allocation (mmap) failed to map 545259520 bytes. Error detail: G1 virtual space
# Possible reasons:
#   The system is out of physical RAM or swap space
#   This process is running with CompressedOops enabled, and the Java Heap may be blocking the growth of the native heap
# Possible solutions:
#   Reduce memory load on the system
#   Increase physical memory or swap space
#   Check if swap backing store is full
#   Decrease Java heap size (-Xmx/-Xms)
#   Decrease number of Java threads
#   Decrease Java thread stack sizes (-Xss)
#   Set larger code cache with -XX:ReservedCodeCacheSize=
#   JVM is running with Zero Based Compressed Oops mode in which the Java heap is
#     placed in the first 32GB address space. The Java Heap base address is the
#     maximum limit for the native heap growth. Please use -XX:HeapBaseMinAddress
#     to set the Java Heap base and to place the Java Heap above 32GB virtual address.
# This output file may be truncated or incomplete.
#
#  Out of Memory Error (os_windows.cpp:3618), pid=20724, tid=19980
#
# JRE version: OpenJDK Runtime Environment Temurin-17.0.16+8 (17.0.16+8) (build 17.0.16+8)
# Java VM: OpenJDK 64-Bit Server VM Temurin-17.0.16+8 (17.0.16+8, mixed mode, sharing, tiered, compressed oops, compressed class ptrs, g1 gc, windows-amd64)
# No core dump will be written. Minidumps are not enabled by default on client versions of Windows
#

---------------  S U M M A R Y ------------

Command Line: --add-opens=java.base/java.lang=ALL-UNNAMED --add-opens=java.base/java.lang.invoke=ALL-UNNAMED --add-opens=java.base/java.util=ALL-UNNAMED --add-opens=java.prefs/java.util.prefs=ALL-UNNAMED --add-exports=jdk.compiler/com.sun.tools.javac.api=ALL-UNNAMED --add-exports=jdk.compiler/com.sun.tools.javac.util=ALL-UNNAMED --add-opens=java.base/java.util=ALL-UNNAMED --add-opens=java.prefs/java.util.prefs=ALL-UNNAMED --add-opens=java.base/java.nio.charset=ALL-UNNAMED --add-opens=java.base/java.net=ALL-UNNAMED --add-opens=java.base/java.util.concurrent=ALL-UNNAMED --add-opens=java.base/java.util.concurrent.atomic=ALL-UNNAMED --add-opens=java.xml/javax.xml.namespace=ALL-UNNAMED -XX:MaxMetaspaceSize=1g -Xmx4g -Dfile.encoding=windows-1252 -Duser.country=US -Duser.language=en -Duser.variant -javaagent:C:\Users\user\.gradle\wrapper\dists\gradle-9.0.0-bin\d6wjpkvcgsg3oed0qlfss3wgl\gradle-9.0.0\lib\agents\gradle-instrumentation-agent-9.0.0.jar org.gradle.launcher.daemon.bootstrap.GradleDaemon 9.0.0

Host: Intel(R) Core(TM) i5-10210U CPU @ 1.60GHz, 8 cores, 7G,  Windows 11 , 64 bit Build 26100 (10.0.26100.7920)
Time: Sun Mar 29 02:49:27 2026 E. Africa Standard Time elapsed time: 1580.514939 seconds (0d 0h 26m 20s)

---------------  T H R E A D  ---------------

Current thread (0x000001e6ccd3f4b0):  VMThread "VM Thread" [stack: 0x000000d454800000,0x000000d454900000] [id=19980]

Stack: [0x000000d454800000,0x000000d454900000]
Native frames: (J=compiled Java code, j=interpreted, Vv=VM code, C=native code)
V  [jvm.dll+0x683169]
V  [jvm.dll+0x839ac8]
V  [jvm.dll+0x83b573]
V  [jvm.dll+0x83bbe3]
V  [jvm.dll+0x2473ff]
V  [jvm.dll+0x67ff49]
V  [jvm.dll+0x674e3a]
V  [jvm.dll+0x304ea6]
V  [jvm.dll+0x30c366]
V  [jvm.dll+0x35deee]
V  [jvm.dll+0x35e12d]
V  [jvm.dll+0x2dc26c]
V  [jvm.dll+0x2df286]
V  [jvm.dll+0x2e99ac]
V  [jvm.dll+0x31d7cd]
V  [jvm.dll+0x84041d]
V  [jvm.dll+0x841153]
V  [jvm.dll+0x84167f]
V  [jvm.dll+0x841a64]
V  [jvm.dll+0x841b2e]
V  [jvm.dll+0x7e979c]
V  [jvm.dll+0x682047]
C  [ucrtbase.dll+0x37b0]
C  [KERNEL32.DLL+0x2e8d7]
C  [ntdll.dll+0x8c48c]

VM_Operation (0x000000d4544ff460): G1PauseRemark, mode: safepoint, requested by thread 0x000001e6a78dcea0


---------------  P R O C E S S  ---------------

Threads class SMR info:
_java_thread_list=0x000001e714ccaa90, length=162, elements={
0x000001e6a9c893b0, 0x000001e6ccd437a0, 0x000001e6ccd45580, 0x000001e6ccd5fb90,
0x000001e6ccd62470, 0x000001e6ccd64050, 0x000001e6ccd65c30, 0x000001e6ccd728a0,
0x000001e6ccd7a4d0, 0x000001e706008070, 0x000001e6ccd2dda0, 0x000001e706267e60,
0x000001e7070a9140, 0x000001e7076b9860, 0x000001e70709b600, 0x000001e707913950,
0x000001e7066ff5c0, 0x000001e706920270, 0x000001e7069211a0, 0x000001e70691fd60,
0x000001e706921bc0, 0x000001e70691f850, 0x000001e706920780, 0x000001e706920c90,
0x000001e7069216b0, 0x000001e7069220d0, 0x000001e7069225e0, 0x000001e70691ee30,
0x000001e70691f340, 0x000001e708e51a10, 0x000001e708e54290, 0x000001e708e52430,
0x000001e708e52940, 0x000001e708e547a0, 0x000001e708e52e50, 0x000001e708e54cb0,
0x000001e708e51500, 0x000001e708e560f0, 0x000001e708e551c0, 0x000001e708e556d0,
0x000001e708e53d80, 0x000001e708e53360, 0x000001e708e56b10, 0x000001e708e56600,
0x000001e708e55be0, 0x000001e708e53870, 0x000001e708e57020, 0x000001e708e57530,
0x000001e708e57a40, 0x000001e708e57f50, 0x000001e708e58460, 0x000001e708e58970,
0x000001e708e58e80, 0x000001e70aff0d70, 0x000001e70aff1280, 0x000001e70afef930,
0x000001e70afeef10, 0x000001e70aff1790, 0x000001e70aff0860, 0x000001e70aff1ca0,
0x000001e70aff21b0, 0x000001e70aff2bd0, 0x000001e70afef420, 0x000001e70aff30e0,
0x000001e70afefe40, 0x000001e70aff4010, 0x000001e709149d30, 0x000001e70914b680,
0x000001e70914a240, 0x000001e709147ed0, 0x000001e70914a750, 0x000001e70914bb90,
0x000001e70914ac60, 0x000001e7091483e0, 0x000001e70914b170, 0x000001e70914c0a0,
0x000001e7091488f0, 0x000001e70914c5b0, 0x000001e709149820, 0x000001e709149310,
0x000001e709148e00, 0x000001e70914ee30, 0x000001e70914df00, 0x000001e70914e920,
0x000001e70914f340, 0x000001e70914cac0, 0x000001e70914e410, 0x000001e70914cfd0,
0x000001e70914f850, 0x000001e70914d4e0, 0x000001e70914d9f0, 0x000001e70b6caed0,
0x000001e70b6ca9c0, 0x000001e70b6cd240, 0x000001e70b6ce680, 0x000001e70b6cdc60,
0x000001e70b6ceb90, 0x000001e70b6cb3e0, 0x000001e70b6ccd30, 0x000001e70b6cd750,
0x000001e70b6cbe00, 0x000001e70b6ce170, 0x000001e70b6cf0a0, 0x000001e70b6cb8f0,
0x000001e70b6cf5b0, 0x000001e70b6cfac0, 0x000001e70b6cc310, 0x000001e70b6cffd0,
0x000001e70b6cc820, 0x000001e70b6d1e30, 0x000001e70b6d04e0, 0x000001e70b6d1920,
0x000001e70b6d09f0, 0x000001e70b6d2340, 0x000001e70b6d0f00, 0x000001e70b6d1410,
0x000001e706668900, 0x000001e706669320, 0x000001e7066674c0, 0x000001e7066679d0,
0x000001e706666080, 0x000001e706669830, 0x000001e706669d40, 0x000001e706667ee0,
0x000001e706666fb0, 0x000001e7066683f0, 0x000001e706668e10, 0x000001e706666590,
0x000001e70666a250, 0x000001e706666aa0, 0x000001e70666d4f0, 0x000001e70666c5c0,
0x000001e70666b690, 0x000001e70666cfe0, 0x000001e70d00b440, 0x000001e70d010540,
0x000001e7145712a0, 0x000001e714575470, 0x000001e714571cc0, 0x000001e714575e90,
0x000001e7145763a0, 0x000001e714576dc0, 0x000001e7145772d0, 0x000001e70aff6890,
0x000001e70aff5e70, 0x000001e70aff5960, 0x000001e70aff5450, 0x000001e70aff6380,
0x000001e70d00dcc0, 0x000001e70d00a510, 0x000001e70d010f60, 0x000001e70d011980,
0x000001e70d011470, 0x000001e714574030, 0x000001e7182e42a0, 0x000001e7182e4cc0,
0x000001e7182e5bf0, 0x000001e7182e7030, 0x000001e7182e51d0, 0x000001e7182e6b20,
0x000001e7182e56e0, 0x000001e7182e7540
}

Java Threads: ( => current thread )
  0x000001e6a9c893b0 JavaThread "main" [_thread_blocked, id=11852, stack(0x000000d454200000,0x000000d454300000)]
  0x000001e6ccd437a0 JavaThread "Reference Handler" daemon [_thread_blocked, id=11944, stack(0x000000d454900000,0x000000d454a00000)]
  0x000001e6ccd45580 JavaThread "Finalizer" daemon [_thread_blocked, id=5724, stack(0x000000d454a00000,0x000000d454b00000)]
  0x000001e6ccd5fb90 JavaThread "Signal Dispatcher" daemon [_thread_blocked, id=8456, stack(0x000000d454b00000,0x000000d454c00000)]
  0x000001e6ccd62470 JavaThread "Attach Listener" daemon [_thread_blocked, id=9324, stack(0x000000d454c00000,0x000000d454d00000)]
  0x000001e6ccd64050 JavaThread "Service Thread" daemon [_thread_blocked, id=8072, stack(0x000000d454d00000,0x000000d454e00000)]
  0x000001e6ccd65c30 JavaThread "Monitor Deflation Thread" daemon [_thread_blocked, id=10788, stack(0x000000d454e00000,0x000000d454f00000)]
  0x000001e6ccd728a0 JavaThread "C2 CompilerThread0" daemon [_thread_blocked, id=9228, stack(0x000000d454f00000,0x000000d455000000)]
  0x000001e6ccd7a4d0 JavaThread "C1 CompilerThread0" daemon [_thread_blocked, id=20440, stack(0x000000d455000000,0x000000d455100000)]
  0x000001e706008070 JavaThread "Sweeper thread" daemon [_thread_blocked, id=10428, stack(0x000000d455100000,0x000000d455200000)]
  0x000001e6ccd2dda0 JavaThread "Common-Cleaner" daemon [_thread_blocked, id=21208, stack(0x000000d455200000,0x000000d455300000)]
  0x000001e706267e60 JavaThread "Notification Thread" daemon [_thread_blocked, id=1244, stack(0x000000d455300000,0x000000d455400000)]
  0x000001e7070a9140 JavaThread "Daemon health stats" [_thread_blocked, id=6832, stack(0x000000d455900000,0x000000d455a00000)]
  0x000001e7076b9860 JavaThread "Incoming local TCP Connector on port 58836" [_thread_in_native, id=19172, stack(0x000000d455a00000,0x000000d455b00000)]
  0x000001e70709b600 JavaThread "Daemon periodic checks" [_thread_blocked, id=10096, stack(0x000000d455b00000,0x000000d455c00000)]
  0x000001e707913950 JavaThread "Daemon" [_thread_blocked, id=19972, stack(0x000000d455c00000,0x000000d455d00000)]
  0x000001e7066ff5c0 JavaThread "Handler for socket connection from /127.0.0.1:58836 to /127.0.0.1:58837" [_thread_in_native, id=12992, stack(0x000000d455d00000,0x000000d455e00000)]
  0x000001e706920270 JavaThread "Cancel handler" [_thread_blocked, id=21084, stack(0x000000d455e00000,0x000000d455f00000)]
  0x000001e7069211a0 JavaThread "Daemon worker" [_thread_blocked, id=20784, stack(0x000000d455f00000,0x000000d456000000)]
  0x000001e70691fd60 JavaThread "Asynchronous log dispatcher for DefaultDaemonConnection: socket connection from /127.0.0.1:58836 to /127.0.0.1:58837" [_thread_blocked, id=6704, stack(0x000000d456000000,0x000000d456100000)]
  0x000001e706921bc0 JavaThread "Stdin handler" [_thread_blocked, id=13944, stack(0x000000d456100000,0x000000d456200000)]
  0x000001e70691f850 JavaThread "Daemon client event forwarder" [_thread_blocked, id=19468, stack(0x000000d456200000,0x000000d456300000)]
  0x000001e706920780 JavaThread "Cache worker for journal cache (C:\Users\user\.gradle\caches\journal-1)" [_thread_blocked, id=18680, stack(0x000000d456300000,0x000000d456400000)]
  0x000001e706920c90 JavaThread "File lock request listener" [_thread_in_native, id=11904, stack(0x000000d456500000,0x000000d456600000)]
  0x000001e7069216b0 JavaThread "Cache worker for file hash cache (C:\Users\user\.gradle\caches\9.0.0\fileHashes)" [_thread_blocked, id=10296, stack(0x000000d456600000,0x000000d456700000)]
  0x000001e7069220d0 JavaThread "Cache worker for file hash cache (C:\Users\user\AqualinkTindoe\android\.gradle\9.0.0\fileHashes)" [_thread_blocked, id=19440, stack(0x000000d456b00000,0x000000d456c00000)]
  0x000001e7069225e0 JavaThread "Cache worker for Build Output Cleanup Cache (C:\Users\user\AqualinkTindoe\android\.gradle\buildOutputCleanup)" [_thread_blocked, id=14960, stack(0x000000d456c00000,0x000000d456d00000)]
  0x000001e70691ee30 JavaThread "File watcher server" daemon [_thread_blocked, id=18176, stack(0x000000d456d00000,0x000000d456e00000)]
  0x000001e70691f340 JavaThread "File watcher consumer" daemon [_thread_blocked, id=1520, stack(0x000000d456a00000,0x000000d456b00000)]
  0x000001e708e51a10 JavaThread "Cache worker for checksums cache (C:\Users\user\AqualinkTindoe\android\.gradle\9.0.0\checksums)" [_thread_blocked, id=10820, stack(0x000000d456e00000,0x000000d456f00000)]
  0x000001e708e54290 JavaThread "Cache worker for file content cache (C:\Users\user\.gradle\caches\9.0.0\fileContent)" [_thread_blocked, id=15408, stack(0x000000d456f00000,0x000000d457000000)]
  0x000001e708e52430 JavaThread "Cache worker for cache directory md-supplier (C:\Users\user\.gradle\caches\9.0.0\md-supplier)" [_thread_blocked, id=14384, stack(0x000000d457000000,0x000000d457100000)]
  0x000001e708e52940 JavaThread "Cache worker for cache directory md-rule (C:\Users\user\.gradle\caches\9.0.0\md-rule)" [_thread_blocked, id=13776, stack(0x000000d457100000,0x000000d457200000)]
  0x000001e708e547a0 JavaThread "jar transforms" [_thread_blocked, id=17952, stack(0x000000d457400000,0x000000d457500000)]
  0x000001e708e52e50 JavaThread "Problems report writer" [_thread_blocked, id=21096, stack(0x000000d457300000,0x000000d457400000)]
  0x000001e708e54cb0 JavaThread "Cache worker for Build Output Cleanup Cache (C:\Users\user\AqualinkTindoe\node_modules\@react-native\gradle-plugin\.gradle\buildOutputCleanup)" [_thread_blocked, id=20640, stack(0x000000d457200000,0x000000d457300000)]
  0x000001e708e51500 JavaThread "Unconstrained build operations" [_thread_blocked, id=17144, stack(0x000000d457500000,0x000000d457600000)]
  0x000001e708e560f0 JavaThread "Unconstrained build operations Thread 2" [_thread_blocked, id=9260, stack(0x000000d457600000,0x000000d457700000)]
  0x000001e708e551c0 JavaThread "Unconstrained build operations Thread 3" [_thread_blocked, id=6808, stack(0x000000d457700000,0x000000d457800000)]
  0x000001e708e556d0 JavaThread "Unconstrained build operations Thread 4" [_thread_blocked, id=12252, stack(0x000000d457800000,0x000000d457900000)]
  0x000001e708e53d80 JavaThread "Unconstrained build operations Thread 5" [_thread_blocked, id=20768, stack(0x000000d457900000,0x000000d457a00000)]
  0x000001e708e53360 JavaThread "Unconstrained build operations Thread 6" [_thread_blocked, id=10760, stack(0x000000d457a00000,0x000000d457b00000)]
  0x000001e708e56b10 JavaThread "Unconstrained build operations Thread 7" [_thread_blocked, id=19812, stack(0x000000d457e00000,0x000000d457f00000)]
  0x000001e708e56600 JavaThread "Unconstrained build operations Thread 8" [_thread_blocked, id=4648, stack(0x000000d457f00000,0x000000d458000000)]
  0x000001e708e55be0 JavaThread "Unconstrained build operations Thread 9" [_thread_blocked, id=17204, stack(0x000000d458000000,0x000000d458100000)]
  0x000001e708e53870 JavaThread "Unconstrained build operations Thread 10" [_thread_blocked, id=12692, stack(0x000000d458100000,0x000000d458200000)]
  0x000001e708e57020 JavaThread "Unconstrained build operations Thread 11" [_thread_blocked, id=3812, stack(0x000000d458200000,0x000000d458300000)]
  0x000001e708e57530 JavaThread "Unconstrained build operations Thread 12" [_thread_blocked, id=1432, stack(0x000000d458300000,0x000000d458400000)]
  0x000001e708e57a40 JavaThread "Unconstrained build operations Thread 13" [_thread_blocked, id=13244, stack(0x000000d458400000,0x000000d458500000)]
  0x000001e708e57f50 JavaThread "Unconstrained build operations Thread 14" [_thread_blocked, id=1536, stack(0x000000d457d00000,0x000000d457e00000)]
  0x000001e708e58460 JavaThread "Unconstrained build operations Thread 15" [_thread_blocked, id=7852, stack(0x000000d458500000,0x000000d458600000)]
  0x000001e708e58970 JavaThread "Unconstrained build operations Thread 16" [_thread_blocked, id=17792, stack(0x000000d458600000,0x000000d458700000)]
  0x000001e708e58e80 JavaThread "Unconstrained build operations Thread 17" [_thread_blocked, id=16336, stack(0x000000d458700000,0x000000d458800000)]
  0x000001e70aff0d70 JavaThread "Unconstrained build operations Thread 18" [_thread_blocked, id=20644, stack(0x000000d458800000,0x000000d458900000)]
  0x000001e70aff1280 JavaThread "Unconstrained build operations Thread 19" [_thread_blocked, id=9664, stack(0x000000d458900000,0x000000d458a00000)]
  0x000001e70afef930 JavaThread "Unconstrained build operations Thread 20" [_thread_blocked, id=21476, stack(0x000000d458a00000,0x000000d458b00000)]
  0x000001e70afeef10 JavaThread "Unconstrained build operations Thread 21" [_thread_blocked, id=11984, stack(0x000000d458c00000,0x000000d458d00000)]
  0x000001e70aff1790 JavaThread "Unconstrained build operations Thread 22" [_thread_blocked, id=14696, stack(0x000000d458d00000,0x000000d458e00000)]
  0x000001e70aff0860 JavaThread "Unconstrained build operations Thread 23" [_thread_blocked, id=4816, stack(0x000000d458e00000,0x000000d458f00000)]
  0x000001e70aff1ca0 JavaThread "Unconstrained build operations Thread 24" [_thread_blocked, id=20836, stack(0x000000d458f00000,0x000000d459000000)]
  0x000001e70aff21b0 JavaThread "Unconstrained build operations Thread 25" [_thread_blocked, id=20148, stack(0x000000d459000000,0x000000d459100000)]
  0x000001e70aff2bd0 JavaThread "Unconstrained build operations Thread 26" [_thread_blocked, id=1172, stack(0x000000d459100000,0x000000d459200000)]
  0x000001e70afef420 JavaThread "Unconstrained build operations Thread 27" [_thread_blocked, id=4632, stack(0x000000d459200000,0x000000d459300000)]
  0x000001e70aff30e0 JavaThread "build event listener" [_thread_blocked, id=10764, stack(0x000000d458b00000,0x000000d458c00000)]
  0x000001e70afefe40 JavaThread "Memory manager" [_thread_blocked, id=14392, stack(0x000000d459300000,0x000000d459400000)]
  0x000001e70aff4010 JavaThread "Execution worker" [_thread_blocked, id=21172, stack(0x000000d459a00000,0x000000d459b00000)]
  0x000001e709149d30 JavaThread "Execution worker Thread 2" [_thread_blocked, id=11456, stack(0x000000d459b00000,0x000000d459c00000)]
  0x000001e70914b680 JavaThread "Execution worker Thread 3" [_thread_blocked, id=18148, stack(0x000000d459c00000,0x000000d459d00000)]
  0x000001e70914a240 JavaThread "Execution worker Thread 4" [_thread_blocked, id=5552, stack(0x000000d459d00000,0x000000d459e00000)]
  0x000001e709147ed0 JavaThread "Execution worker Thread 5" [_thread_blocked, id=18528, stack(0x000000d459e00000,0x000000d459f00000)]
  0x000001e70914a750 JavaThread "Execution worker Thread 6" [_thread_blocked, id=21232, stack(0x000000d459f00000,0x000000d45a000000)]
  0x000001e70914bb90 JavaThread "Execution worker Thread 7" [_thread_blocked, id=20244, stack(0x000000d45a000000,0x000000d45a100000)]
  0x000001e70914ac60 JavaThread "Cache worker for execution history cache (C:\Users\user\AqualinkTindoe\node_modules\@react-native\gradle-plugin\.gradle\9.0.0\executionHistory)" [_thread_blocked, id=3520, stack(0x000000d45a100000,0x000000d45a200000)]
  0x000001e7091483e0 JavaThread "Unconstrained build operations Thread 28" [_thread_blocked, id=3436, stack(0x000000d45a200000,0x000000d45a300000)]
  0x000001e70914b170 JavaThread "Unconstrained build operations Thread 29" [_thread_blocked, id=19624, stack(0x000000d45a300000,0x000000d45a400000)]
  0x000001e70914c0a0 JavaThread "Unconstrained build operations Thread 30" [_thread_blocked, id=14296, stack(0x000000d45a400000,0x000000d45a500000)]
  0x000001e7091488f0 JavaThread "Unconstrained build operations Thread 31" [_thread_blocked, id=11632, stack(0x000000d45a500000,0x000000d45a600000)]
  0x000001e70914c5b0 JavaThread "Unconstrained build operations Thread 32" [_thread_blocked, id=20612, stack(0x000000d45a600000,0x000000d45a700000)]
  0x000001e709149820 JavaThread "Unconstrained build operations Thread 33" [_thread_blocked, id=18224, stack(0x000000d45a700000,0x000000d45a800000)]
  0x000001e709149310 JavaThread "Unconstrained build operations Thread 34" [_thread_blocked, id=19492, stack(0x000000d45a800000,0x000000d45a900000)]
  0x000001e709148e00 JavaThread "Unconstrained build operations Thread 35" [_thread_blocked, id=8068, stack(0x000000d45a900000,0x000000d45aa00000)]
  0x000001e70914ee30 JavaThread "Unconstrained build operations Thread 36" [_thread_blocked, id=20824, stack(0x000000d45aa00000,0x000000d45ab00000)]
  0x000001e70914df00 JavaThread "Unconstrained build operations Thread 37" [_thread_blocked, id=12428, stack(0x000000d45ab00000,0x000000d45ac00000)]
  0x000001e70914e920 JavaThread "Unconstrained build operations Thread 38" [_thread_blocked, id=21392, stack(0x000000d45ac00000,0x000000d45ad00000)]
  0x000001e70914f340 JavaThread "Unconstrained build operations Thread 39" [_thread_blocked, id=10288, stack(0x000000d45ad00000,0x000000d45ae00000)]
  0x000001e70914cac0 JavaThread "Unconstrained build operations Thread 40" [_thread_blocked, id=20828, stack(0x000000d45ae00000,0x000000d45af00000)]
  0x000001e70914e410 JavaThread "Unconstrained build operations Thread 41" [_thread_blocked, id=15480, stack(0x000000d45af00000,0x000000d45b000000)]
  0x000001e70914cfd0 JavaThread "Unconstrained build operations Thread 42" [_thread_blocked, id=8728, stack(0x000000d45b000000,0x000000d45b100000)]
  0x000001e70914f850 JavaThread "Unconstrained build operations Thread 43" [_thread_blocked, id=10300, stack(0x000000d45b100000,0x000000d45b200000)]
  0x000001e70914d4e0 JavaThread "Unconstrained build operations Thread 44" [_thread_blocked, id=19260, stack(0x000000d45b200000,0x000000d45b300000)]
  0x000001e70914d9f0 JavaThread "Unconstrained build operations Thread 45" [_thread_blocked, id=1512, stack(0x000000d45b300000,0x000000d45b400000)]
  0x000001e70b6caed0 JavaThread "Unconstrained build operations Thread 46" [_thread_blocked, id=19452, stack(0x000000d45b400000,0x000000d45b500000)]
  0x000001e70b6ca9c0 JavaThread "Unconstrained build operations Thread 47" [_thread_blocked, id=18544, stack(0x000000d45b500000,0x000000d45b600000)]
  0x000001e70b6cd240 JavaThread "Unconstrained build operations Thread 48" [_thread_blocked, id=21340, stack(0x000000d45b600000,0x000000d45b700000)]
  0x000001e70b6ce680 JavaThread "Unconstrained build operations Thread 49" [_thread_blocked, id=18704, stack(0x000000d453f00000,0x000000d454000000)]
  0x000001e70b6cdc60 JavaThread "Unconstrained build operations Thread 50" [_thread_blocked, id=656, stack(0x000000d45b700000,0x000000d45b800000)]
  0x000001e70b6ceb90 JavaThread "Unconstrained build operations Thread 51" [_thread_blocked, id=2672, stack(0x000000d45b800000,0x000000d45b900000)]
  0x000001e70b6cb3e0 JavaThread "Unconstrained build operations Thread 52" [_thread_blocked, id=16292, stack(0x000000d45b900000,0x000000d45ba00000)]
  0x000001e70b6ccd30 JavaThread "Unconstrained build operations Thread 53" [_thread_blocked, id=19324, stack(0x000000d45ba00000,0x000000d45bb00000)]
  0x000001e70b6cd750 JavaThread "Unconstrained build operations Thread 54" [_thread_blocked, id=11084, stack(0x000000d45bb00000,0x000000d45bc00000)]
  0x000001e70b6cbe00 JavaThread "Unconstrained build operations Thread 55" [_thread_blocked, id=15896, stack(0x000000d45bc00000,0x000000d45bd00000)]
  0x000001e70b6ce170 JavaThread "Unconstrained build operations Thread 56" [_thread_blocked, id=10996, stack(0x000000d45bd00000,0x000000d45be00000)]
  0x000001e70b6cf0a0 JavaThread "Unconstrained build operations Thread 57" [_thread_blocked, id=16540, stack(0x000000d45bf00000,0x000000d45c000000)]
  0x000001e70b6cb8f0 JavaThread "Unconstrained build operations Thread 58" [_thread_blocked, id=14340, stack(0x000000d45c000000,0x000000d45c100000)]
  0x000001e70b6cf5b0 JavaThread "Unconstrained build operations Thread 59" [_thread_blocked, id=18996, stack(0x000000d45c100000,0x000000d45c200000)]
  0x000001e70b6cfac0 JavaThread "Unconstrained build operations Thread 60" [_thread_blocked, id=4376, stack(0x000000d45c200000,0x000000d45c300000)]
  0x000001e70b6cc310 JavaThread "Unconstrained build operations Thread 61" [_thread_blocked, id=20136, stack(0x000000d45c300000,0x000000d45c400000)]
  0x000001e70b6cffd0 JavaThread "Unconstrained build operations Thread 62" [_thread_blocked, id=10908, stack(0x000000d45c400000,0x000000d45c500000)]
  0x000001e70b6cc820 JavaThread "Unconstrained build operations Thread 63" [_thread_blocked, id=10312, stack(0x000000d45c500000,0x000000d45c600000)]
  0x000001e70b6d1e30 JavaThread "Unconstrained build operations Thread 64" [_thread_blocked, id=10964, stack(0x000000d45c600000,0x000000d45c700000)]
  0x000001e70b6d04e0 JavaThread "Unconstrained build operations Thread 65" [_thread_blocked, id=5796, stack(0x000000d45c700000,0x000000d45c800000)]
  0x000001e70b6d1920 JavaThread "Unconstrained build operations Thread 66" [_thread_blocked, id=2124, stack(0x000000d45c800000,0x000000d45c900000)]
  0x000001e70b6d09f0 JavaThread "Unconstrained build operations Thread 67" [_thread_blocked, id=5384, stack(0x000000d45c900000,0x000000d45ca00000)]
  0x000001e70b6d2340 JavaThread "Unconstrained build operations Thread 68" [_thread_blocked, id=20932, stack(0x000000d45ca00000,0x000000d45cb00000)]
  0x000001e70b6d0f00 JavaThread "Unconstrained build operations Thread 69" [_thread_blocked, id=5172, stack(0x000000d45cb00000,0x000000d45cc00000)]
  0x000001e70b6d1410 JavaThread "Unconstrained build operations Thread 70" [_thread_blocked, id=11144, stack(0x000000d45cc00000,0x000000d45cd00000)]
  0x000001e706668900 JavaThread "Unconstrained build operations Thread 71" [_thread_blocked, id=14644, stack(0x000000d45cd00000,0x000000d45ce00000)]
  0x000001e706669320 JavaThread "Unconstrained build operations Thread 72" [_thread_blocked, id=1180, stack(0x000000d45ce00000,0x000000d45cf00000)]
  0x000001e7066674c0 JavaThread "Unconstrained build operations Thread 73" [_thread_blocked, id=10392, stack(0x000000d45cf00000,0x000000d45d000000)]
  0x000001e7066679d0 JavaThread "Unconstrained build operations Thread 74" [_thread_blocked, id=11996, stack(0x000000d45d000000,0x000000d45d100000)]
  0x000001e706666080 JavaThread "Unconstrained build operations Thread 75" [_thread_blocked, id=19264, stack(0x000000d45d100000,0x000000d45d200000)]
  0x000001e706669830 JavaThread "Unconstrained build operations Thread 76" [_thread_blocked, id=11912, stack(0x000000d45d200000,0x000000d45d300000)]
  0x000001e706669d40 JavaThread "Unconstrained build operations Thread 77" [_thread_blocked, id=7880, stack(0x000000d45d300000,0x000000d45d400000)]
  0x000001e706667ee0 JavaThread "jar transforms Thread 2" [_thread_blocked, id=20728, stack(0x000000d45d400000,0x000000d45d500000)]
  0x000001e706666fb0 JavaThread "jar transforms Thread 3" [_thread_blocked, id=13892, stack(0x000000d45d500000,0x000000d45d600000)]
  0x000001e7066683f0 JavaThread "Unconstrained build operations Thread 78" [_thread_blocked, id=5328, stack(0x000000d45d600000,0x000000d45d700000)]
  0x000001e706668e10 JavaThread "Unconstrained build operations Thread 79" [_thread_blocked, id=20776, stack(0x000000d45d700000,0x000000d45d800000)]
  0x000001e706666590 JavaThread "Unconstrained build operations Thread 80" [_thread_blocked, id=4500, stack(0x000000d45d800000,0x000000d45d900000)]
  0x000001e70666a250 JavaThread "jar transforms Thread 4" [_thread_blocked, id=20844, stack(0x000000d45d900000,0x000000d45da00000)]
  0x000001e706666aa0 JavaThread "jar transforms Thread 5" [_thread_blocked, id=18724, stack(0x000000d45be00000,0x000000d45bf00000)]
  0x000001e70666d4f0 JavaThread "jar transforms Thread 6" [_thread_blocked, id=8200, stack(0x000000d45da00000,0x000000d45db00000)]
  0x000001e70666c5c0 JavaThread "build event listener" [_thread_blocked, id=13824, stack(0x000000d45db00000,0x000000d45dc00000)]
  0x000001e70666b690 JavaThread "jar transforms Thread 7" [_thread_blocked, id=17616, stack(0x000000d45dc00000,0x000000d45dd00000)]
  0x000001e70666cfe0 JavaThread "jar transforms Thread 8" [_thread_blocked, id=17452, stack(0x000000d45dd00000,0x000000d45de00000)]
  0x000001e70d00b440 JavaThread "included builds Thread 2" [_thread_blocked, id=21128, stack(0x000000d45de00000,0x000000d45df00000)]
  0x000001e70d010540 JavaThread "Cache worker for execution history cache (C:\Users\user\AqualinkTindoe\android\.gradle\9.0.0\executionHistory)" [_thread_blocked, id=3996, stack(0x000000d45e400000,0x000000d45e500000)]
  0x000001e7145712a0 JavaThread "WorkerExecutor Queue" [_thread_blocked, id=13152, stack(0x000000d459500000,0x000000d459600000)]
  0x000001e714575470 JavaThread "WorkerExecutor Queue Thread 2" [_thread_blocked, id=204, stack(0x000000d459600000,0x000000d459700000)]
  0x000001e714571cc0 JavaThread "WorkerExecutor Queue Thread 3" [_thread_blocked, id=15948, stack(0x000000d459700000,0x000000d459800000)]
  0x000001e714575e90 JavaThread "WorkerExecutor Queue Thread 5" [_thread_blocked, id=15424, stack(0x000000d459900000,0x000000d459a00000)]
  0x000001e7145763a0 JavaThread "WorkerExecutor Queue Thread 6" [_thread_blocked, id=18452, stack(0x000000d45e300000,0x000000d45e400000)]
  0x000001e714576dc0 JavaThread "WorkerExecutor Queue Thread 7" [_thread_blocked, id=11136, stack(0x000000d45e500000,0x000000d45e600000)]
  0x000001e7145772d0 JavaThread "WorkerExecutor Queue Thread 8" [_thread_blocked, id=20688, stack(0x000000d45e600000,0x000000d45e700000)]
  0x000001e70aff6890 JavaThread "pool-3-thread-1" [_thread_blocked, id=8636, stack(0x000000d45df00000,0x000000d45e000000)]
  0x000001e70aff5e70 JavaThread "stderr" [_thread_in_native, id=21376, stack(0x000000d457b00000,0x000000d457c00000)]
  0x000001e70aff5960 JavaThread "stdout" [_thread_in_native, id=14252, stack(0x000000d45e000000,0x000000d45e100000)]
  0x000001e70aff5450 JavaThread "stderr" [_thread_blocked, id=11280, stack(0x000000d45e100000,0x000000d45e200000)]
  0x000001e70aff6380 JavaThread "stdout" [_thread_blocked, id=19500, stack(0x000000d45e700000,0x000000d45e800000)]
  0x000001e70d00dcc0 JavaThread "stderr" [_thread_in_native, id=7828, stack(0x000000d45e800000,0x000000d45e900000)]
  0x000001e70d00a510 JavaThread "stdout" [_thread_in_native, id=19844, stack(0x000000d45e900000,0x000000d45ea00000)]
  0x000001e70d010f60 JavaThread "stderr" [_thread_in_native, id=4228, stack(0x000000d45ea00000,0x000000d45eb00000)]
  0x000001e70d011980 JavaThread "stdout" [_thread_in_native, id=19212, stack(0x000000d45eb00000,0x000000d45ec00000)]
  0x000001e70d011470 JavaThread "stderr" [_thread_in_native, id=19568, stack(0x000000d45ec00000,0x000000d45ed00000)]
  0x000001e714574030 JavaThread "stdout" [_thread_in_native, id=11448, stack(0x000000d45ed00000,0x000000d45ee00000)]
  0x000001e7182e42a0 JavaThread "WorkerExecutor Queue Thread 9" [_thread_blocked, id=19756, stack(0x000000d454000000,0x000000d454100000)]
  0x000001e7182e4cc0 JavaThread "ForkJoinPool.commonPool-worker-9" daemon [_thread_blocked, id=21092, stack(0x000000d459800000,0x000000d459900000)]
  0x000001e7182e5bf0 JavaThread "ForkJoinPool.commonPool-worker-10" daemon [_thread_blocked, id=15180, stack(0x000000d45f100000,0x000000d45f200000)]
  0x000001e7182e7030 JavaThread "ForkJoinPool.commonPool-worker-11" daemon [_thread_blocked, id=13844, stack(0x000000d45f200000,0x000000d45f300000)]
  0x000001e7182e51d0 JavaThread "ForkJoinPool.commonPool-worker-12" daemon [_thread_blocked, id=10284, stack(0x000000d45f300000,0x000000d45f400000)]
  0x000001e7182e6b20 JavaThread "ForkJoinPool.commonPool-worker-13" daemon [_thread_blocked, id=17840, stack(0x000000d45f400000,0x000000d45f500000)]
  0x000001e7182e56e0 JavaThread "ForkJoinPool.commonPool-worker-14" daemon [_thread_blocked, id=15680, stack(0x000000d45f500000,0x000000d45f600000)]
  0x000001e7182e7540 JavaThread "ForkJoinPool.commonPool-worker-15" daemon [_thread_blocked, id=14484, stack(0x000000d45f600000,0x000000d45f700000)]

Other Threads:
=>0x000001e6ccd3f4b0 VMThread "VM Thread" [stack: 0x000000d454800000,0x000000d454900000] [id=19980]
  0x000001e706269360 WatcherThread [stack: 0x000000d455400000,0x000000d455500000] [id=6380]
  0x000001e6a9cf67c0 GCTaskThread "GC Thread#0" [stack: 0x000000d454300000,0x000000d454400000] [id=10132]
  0x000001e70630a670 GCTaskThread "GC Thread#1" [stack: 0x000000d455700000,0x000000d455800000] [id=14480]
  0x000001e706316aa0 GCTaskThread "GC Thread#2" [stack: 0x000000d455800000,0x000000d455900000] [id=11128]
  0x000001e70713f500 GCTaskThread "GC Thread#3" [stack: 0x000000d455500000,0x000000d455600000] [id=10508]
  0x000001e70713f7c0 GCTaskThread "GC Thread#4" [stack: 0x000000d455600000,0x000000d455700000] [id=12348]
  0x000001e7069fc0a0 GCTaskThread "GC Thread#5" [stack: 0x000000d456700000,0x000000d456800000] [id=17696]
  0x000001e708169480 GCTaskThread "GC Thread#6" [stack: 0x000000d456800000,0x000000d456900000] [id=12660]
  0x000001e708c0b4a0 GCTaskThread "GC Thread#7" [stack: 0x000000d456900000,0x000000d456a00000] [id=21324]
  0x000001e6a78dcea0 ConcurrentGCThread "G1 Main Marker" [stack: 0x000000d454400000,0x000000d454500000] [id=16272]
  0x000001e6a78dd7d0 ConcurrentGCThread "G1 Conc#0" [stack: 0x000000d454500000,0x000000d454600000] [id=19308]
  0x000001e708ad1b60 ConcurrentGCThread "G1 Conc#1" [stack: 0x000000d456400000,0x000000d456500000] [id=3732]
  0x000001e6ccbf8eb0 ConcurrentGCThread "G1 Refine#0" [stack: 0x000000d454600000,0x000000d454700000] [id=11284]
  0x000001e70e05e0a0 ConcurrentGCThread "G1 Refine#1" [stack: 0x000000d45e200000,0x000000d45e300000] [id=1780]
  0x000001e715117150 ConcurrentGCThread "G1 Refine#2" [stack: 0x000000d457c00000,0x000000d457d00000] [id=12556]
  0x000001e715119780 ConcurrentGCThread "G1 Refine#3" [stack: 0x000000d459400000,0x000000d459500000] [id=12552]
  0x000001e6ccbf97f0 ConcurrentGCThread "G1 Service" [stack: 0x000000d454700000,0x000000d454800000] [id=11620]

Threads with active compile tasks:

VM state: at safepoint (normal execution)

VM Mutex/Monitor currently owned by a thread:  ([mutex/lock_event])
[0x000001e6a9c6dc30] Threads_lock - owner thread: 0x000001e6ccd3f4b0
[0x000001e6a9c86ff0] Heap_lock - owner thread: 0x000001e6a78dcea0

OutOfMemory and StackOverflow Exception counts:
OutOfMemoryError java_heap_errors=1
LinkageErrors=309

Heap address: 0x0000000700000000, size: 4096 MB, Compressed Oops mode: Zero based, Oop shift amount: 3

CDS archive(s) mapped at: [0x000001e6cd000000-0x000001e6cdbb0000-0x000001e6cdbb0000), size 12255232, SharedBaseAddress: 0x000001e6cd000000, ArchiveRelocationMode: 1.
Compressed class space mapped at: 0x000001e6ce000000-0x000001e702000000, reserved size: 872415232
Narrow klass base: 0x000001e6cd000000, Narrow klass shift: 0, Narrow klass range: 0x100000000

GC Precious Log:
 CPUs: 8 total, 8 available
 Memory: 8038M
 Large Page Support: Disabled
 NUMA Support: Disabled
 Compressed Oops: Enabled (Zero based)
 Heap Region Size: 2M
 Heap Min Capacity: 8M
 Heap Initial Capacity: 126M
 Heap Max Capacity: 4G
 Pre-touch: Disabled
 Parallel Workers: 8
 Concurrent Workers: 2
 Concurrent Refinement Workers: 8
 Periodic GC: Disabled

Heap:
 garbage-first heap   total 1781760K, used 1384679K [0x0000000700000000, 0x0000000800000000)
  region size 2048K, 9 young (18432K), 6 survivors (12288K)
 Metaspace       used 142542K, committed 145728K, reserved 983040K
  class space    used 19343K, committed 20864K, reserved 851968K

Heap Regions: E=young(eden), S=young(survivor), O=old, HS=humongous(starts), HC=humongous(continues), CS=collection set, F=free, OA=open archive, CA=closed archive, TAMS=top-at-mark-start (previous, next)
|   0|0x0000000700000000, 0x0000000700200000, 0x0000000700200000|100%|HS|  |TAMS 0x0000000700200000, 0x0000000700000000| Complete 
|   1|0x0000000700200000, 0x0000000700400000, 0x0000000700400000|100%|HC|  |TAMS 0x0000000700400000, 0x0000000700200000| Complete 
|   2|0x0000000700400000, 0x0000000700600000, 0x0000000700600000|100%| O|  |TAMS 0x0000000700600000, 0x0000000700400000| Untracked 
|   3|0x0000000700600000, 0x0000000700800000, 0x0000000700800000|100%| O|  |TAMS 0x0000000700800000, 0x0000000700600000| Untracked 
|   4|0x0000000700800000, 0x0000000700a00000, 0x0000000700a00000|100%| O|  |TAMS 0x0000000700a00000, 0x0000000700800000| Untracked 
|   5|0x0000000700a00000, 0x0000000700c00000, 0x0000000700c00000|100%| O|  |TAMS 0x0000000700c00000, 0x0000000700a00000| Untracked 
|   6|0x0000000700c00000, 0x0000000700e00000, 0x0000000700e00000|100%| O|  |TAMS 0x0000000700e00000, 0x0000000700c00000| Updating 
|   7|0x0000000700e00000, 0x0000000701000000, 0x0000000701000000|100%| O|  |TAMS 0x0000000701000000, 0x0000000700e00000| Untracked 
|   8|0x0000000701000000, 0x0000000701200000, 0x0000000701200000|100%| O|  |TAMS 0x0000000701200000, 0x0000000701000000| Untracked 
|   9|0x0000000701200000, 0x0000000701400000, 0x0000000701400000|100%| O|  |TAMS 0x0000000701400000, 0x0000000701200000| Untracked 
|  10|0x0000000701400000, 0x0000000701600000, 0x0000000701600000|100%| O|  |TAMS 0x0000000701600000, 0x0000000701400000| Untracked 
|  11|0x0000000701600000, 0x0000000701800000, 0x0000000701800000|100%| O|  |TAMS 0x0000000701800000, 0x0000000701600000| Untracked 
|  12|0x0000000701800000, 0x0000000701a00000, 0x0000000701a00000|100%| O|  |TAMS 0x0000000701a00000, 0x0000000701800000| Untracked 
|  13|0x0000000701a00000, 0x0000000701c00000, 0x0000000701c00000|100%| O|  |TAMS 0x0000000701c00000, 0x0000000701a00000| Updating 
|  14|0x0000000701c00000, 0x0000000701e00000, 0x0000000701e00000|100%| O|  |TAMS 0x0000000701e00000, 0x0000000701c00000| Updating 
|  15|0x0000000701e00000, 0x0000000702000000, 0x0000000702000000|100%| O|  |TAMS 0x0000000702000000, 0x0000000701e00000| Untracked 
|  16|0x0000000702000000, 0x0000000702200000, 0x0000000702200000|100%| O|  |TAMS 0x0000000702200000, 0x0000000702000000| Updating 
|  17|0x0000000702200000, 0x0000000702400000, 0x0000000702400000|100%| O|  |TAMS 0x0000000702400000, 0x0000000702200000| Updating 
|  18|0x0000000702400000, 0x0000000702600000, 0x0000000702600000|100%| O|  |TAMS 0x0000000702600000, 0x0000000702400000| Updating 
|  19|0x0000000702600000, 0x0000000702800000, 0x0000000702800000|100%| O|  |TAMS 0x0000000702800000, 0x0000000702600000| Untracked 
|  20|0x0000000702800000, 0x0000000702a00000, 0x0000000702a00000|100%|HS|  |TAMS 0x0000000702a00000, 0x0000000702800000| Complete 
|  21|0x0000000702a00000, 0x0000000702c00000, 0x0000000702c00000|100%|HC|  |TAMS 0x0000000702c00000, 0x0000000702a00000| Complete 
|  22|0x0000000702c00000, 0x0000000702e00000, 0x0000000702e00000|100%| O|  |TAMS 0x0000000702e00000, 0x0000000702c00000| Untracked 
|  23|0x0000000702e00000, 0x0000000703000000, 0x0000000703000000|100%| O|  |TAMS 0x0000000703000000, 0x0000000702e00000| Updating 
|  24|0x0000000703000000, 0x0000000703200000, 0x0000000703200000|100%|HS|  |TAMS 0x0000000703200000, 0x0000000703000000| Complete 
|  25|0x0000000703200000, 0x0000000703400000, 0x0000000703400000|100%|HC|  |TAMS 0x0000000703400000, 0x0000000703200000| Complete 
|  26|0x0000000703400000, 0x0000000703600000, 0x0000000703600000|100%| O|  |TAMS 0x0000000703600000, 0x0000000703400000| Untracked 
|  27|0x0000000703600000, 0x0000000703800000, 0x0000000703800000|100%| O|  |TAMS 0x0000000703800000, 0x0000000703600000| Updating 
|  28|0x0000000703800000, 0x0000000703a00000, 0x0000000703a00000|100%| O|  |TAMS 0x0000000703a00000, 0x0000000703800000| Updating 
|  29|0x0000000703a00000, 0x0000000703c00000, 0x0000000703c00000|100%| O|  |TAMS 0x0000000703c00000, 0x0000000703a00000| Untracked 
|  30|0x0000000703c00000, 0x0000000703e00000, 0x0000000703e00000|100%| O|  |TAMS 0x0000000703e00000, 0x0000000703c00000| Untracked 
|  31|0x0000000703e00000, 0x0000000704000000, 0x0000000704000000|100%| O|  |TAMS 0x0000000704000000, 0x0000000703e00000| Updating 
|  32|0x0000000704000000, 0x0000000704200000, 0x0000000704200000|100%| O|  |TAMS 0x0000000704200000, 0x0000000704000000| Updating 
|  33|0x0000000704200000, 0x0000000704400000, 0x0000000704400000|100%| O|  |TAMS 0x0000000704400000, 0x0000000704200000| Updating 
|  34|0x0000000704400000, 0x0000000704600000, 0x0000000704600000|100%| O|  |TAMS 0x0000000704600000, 0x0000000704400000| Updating 
|  35|0x0000000704600000, 0x0000000704800000, 0x0000000704800000|100%| O|  |TAMS 0x0000000704800000, 0x0000000704600000| Untracked 
|  36|0x0000000704800000, 0x0000000704a00000, 0x0000000704a00000|100%| O|  |TAMS 0x0000000704a00000, 0x0000000704800000| Updating 
|  37|0x0000000704a00000, 0x0000000704c00000, 0x0000000704c00000|100%| O|  |TAMS 0x0000000704c00000, 0x0000000704a00000| Updating 
|  38|0x0000000704c00000, 0x0000000704e00000, 0x0000000704e00000|100%| O|  |TAMS 0x0000000704e00000, 0x0000000704c00000| Updating 
|  39|0x0000000704e00000, 0x0000000705000000, 0x0000000705000000|100%| O|  |TAMS 0x0000000705000000, 0x0000000704e00000| Updating 
|  40|0x0000000705000000, 0x0000000705200000, 0x0000000705200000|100%| O|  |TAMS 0x0000000705200000, 0x0000000705000000| Updating 
|  41|0x0000000705200000, 0x0000000705400000, 0x0000000705400000|100%| O|  |TAMS 0x0000000705400000, 0x0000000705200000| Updating 
|  42|0x0000000705400000, 0x0000000705600000, 0x0000000705600000|100%| O|  |TAMS 0x0000000705600000, 0x0000000705400000| Untracked 
|  43|0x0000000705600000, 0x0000000705800000, 0x0000000705800000|100%| O|  |TAMS 0x0000000705800000, 0x0000000705600000| Updating 
|  44|0x0000000705800000, 0x0000000705a00000, 0x0000000705a00000|100%| O|  |TAMS 0x0000000705a00000, 0x0000000705800000| Untracked 
|  45|0x0000000705a00000, 0x0000000705c00000, 0x0000000705c00000|100%| O|  |TAMS 0x0000000705c00000, 0x0000000705a00000| Untracked 
|  46|0x0000000705c00000, 0x0000000705e00000, 0x0000000705e00000|100%| O|  |TAMS 0x0000000705e00000, 0x0000000705c00000| Untracked 
|  47|0x0000000705e00000, 0x0000000706000000, 0x0000000706000000|100%| O|  |TAMS 0x0000000706000000, 0x0000000705e00000| Untracked 
|  48|0x0000000706000000, 0x0000000706200000, 0x0000000706200000|100%| O|  |TAMS 0x0000000706200000, 0x0000000706000000| Untracked 
|  49|0x0000000706200000, 0x0000000706400000, 0x0000000706400000|100%| O|  |TAMS 0x0000000706400000, 0x0000000706200000| Updating 
|  50|0x0000000706400000, 0x0000000706600000, 0x0000000706600000|100%| O|  |TAMS 0x0000000706600000, 0x0000000706400000| Untracked 
|  51|0x0000000706600000, 0x0000000706800000, 0x0000000706800000|100%| O|  |TAMS 0x0000000706800000, 0x0000000706600000| Untracked 
|  52|0x0000000706800000, 0x0000000706a00000, 0x0000000706a00000|100%| O|  |TAMS 0x0000000706a00000, 0x0000000706800000| Untracked 
|  53|0x0000000706a00000, 0x0000000706c00000, 0x0000000706c00000|100%|HS|  |TAMS 0x0000000706c00000, 0x0000000706a00000| Complete 
|  54|0x0000000706c00000, 0x0000000706e00000, 0x0000000706e00000|100%|HC|  |TAMS 0x0000000706e00000, 0x0000000706c00000| Complete 
|  55|0x0000000706e00000, 0x0000000707000000, 0x0000000707000000|100%| O|  |TAMS 0x0000000707000000, 0x0000000706e00000| Untracked 
|  56|0x0000000707000000, 0x0000000707200000, 0x0000000707200000|100%| O|  |TAMS 0x0000000707200000, 0x0000000707000000| Untracked 
|  57|0x0000000707200000, 0x0000000707400000, 0x0000000707400000|100%| O|  |TAMS 0x0000000707400000, 0x0000000707200000| Untracked 
|  58|0x0000000707400000, 0x0000000707600000, 0x0000000707600000|100%| O|  |TAMS 0x0000000707600000, 0x0000000707400000| Untracked 
|  59|0x0000000707600000, 0x0000000707800000, 0x0000000707800000|100%| O|  |TAMS 0x0000000707800000, 0x0000000707600000| Untracked 
|  60|0x0000000707800000, 0x0000000707a00000, 0x0000000707a00000|100%| O|  |TAMS 0x0000000707a00000, 0x0000000707800000| Untracked 
|  61|0x0000000707a00000, 0x0000000707c00000, 0x0000000707c00000|100%| O|  |TAMS 0x0000000707c00000, 0x0000000707a00000| Untracked 
|  62|0x0000000707c00000, 0x0000000707e00000, 0x0000000707e00000|100%| O|  |TAMS 0x0000000707e00000, 0x0000000707c00000| Untracked 
|  63|0x0000000707e00000, 0x0000000708000000, 0x0000000708000000|100%| O|  |TAMS 0x0000000708000000, 0x0000000707e00000| Updating 
|  64|0x0000000708000000, 0x0000000708200000, 0x0000000708200000|100%| O|  |TAMS 0x0000000708200000, 0x0000000708000000| Untracked 
|  65|0x0000000708200000, 0x0000000708400000, 0x0000000708400000|100%| O|  |TAMS 0x0000000708400000, 0x0000000708200000| Updating 
|  66|0x0000000708400000, 0x0000000708600000, 0x0000000708600000|100%| O|  |TAMS 0x0000000708600000, 0x0000000708400000| Untracked 
|  67|0x0000000708600000, 0x0000000708800000, 0x0000000708800000|100%| O|  |TAMS 0x0000000708800000, 0x0000000708600000| Untracked 
|  68|0x0000000708800000, 0x0000000708a00000, 0x0000000708a00000|100%| O|  |TAMS 0x0000000708a00000, 0x0000000708800000| Untracked 
|  69|0x0000000708a00000, 0x0000000708c00000, 0x0000000708c00000|100%|HS|  |TAMS 0x0000000708c00000, 0x0000000708a00000| Complete 
|  70|0x0000000708c00000, 0x0000000708e00000, 0x0000000708e00000|100%| O|  |TAMS 0x0000000708e00000, 0x0000000708c00000| Updating 
|  71|0x0000000708e00000, 0x0000000709000000, 0x0000000709000000|100%| O|  |TAMS 0x0000000709000000, 0x0000000708e00000| Untracked 
|  72|0x0000000709000000, 0x0000000709200000, 0x0000000709200000|100%| O|  |TAMS 0x0000000709200000, 0x0000000709000000| Untracked 
|  73|0x0000000709200000, 0x0000000709400000, 0x0000000709400000|100%| O|  |TAMS 0x0000000709400000, 0x0000000709200000| Untracked 
|  74|0x0000000709400000, 0x0000000709600000, 0x0000000709600000|100%| O|  |TAMS 0x0000000709600000, 0x0000000709400000| Updating 
|  75|0x0000000709600000, 0x0000000709800000, 0x0000000709800000|100%| O|  |TAMS 0x0000000709800000, 0x0000000709600000| Untracked 
|  76|0x0000000709800000, 0x0000000709a00000, 0x0000000709a00000|100%| O|  |TAMS 0x0000000709a00000, 0x0000000709800000| Untracked 
|  77|0x0000000709a00000, 0x0000000709c00000, 0x0000000709c00000|100%| O|  |TAMS 0x0000000709c00000, 0x0000000709a00000| Untracked 
|  78|0x0000000709c00000, 0x0000000709e00000, 0x0000000709e00000|100%| O|  |TAMS 0x0000000709e00000, 0x0000000709c00000| Untracked 
|  79|0x0000000709e00000, 0x000000070a000000, 0x000000070a000000|100%| O|  |TAMS 0x000000070a000000, 0x0000000709e00000| Untracked 
|  80|0x000000070a000000, 0x000000070a200000, 0x000000070a200000|100%| O|  |TAMS 0x000000070a200000, 0x000000070a000000| Untracked 
|  81|0x000000070a200000, 0x000000070a400000, 0x000000070a400000|100%| O|  |TAMS 0x000000070a400000, 0x000000070a200000| Untracked 
|  82|0x000000070a400000, 0x000000070a600000, 0x000000070a600000|100%| O|  |TAMS 0x000000070a600000, 0x000000070a400000| Untracked 
|  83|0x000000070a600000, 0x000000070a800000, 0x000000070a800000|100%| O|  |TAMS 0x000000070a800000, 0x000000070a600000| Untracked 
|  84|0x000000070a800000, 0x000000070aa00000, 0x000000070aa00000|100%| O|  |TAMS 0x000000070aa00000, 0x000000070a800000| Untracked 
|  85|0x000000070aa00000, 0x000000070ac00000, 0x000000070ac00000|100%| O|  |TAMS 0x000000070ac00000, 0x000000070aa00000| Untracked 
|  86|0x000000070ac00000, 0x000000070ae00000, 0x000000070ae00000|100%| O|  |TAMS 0x000000070ae00000, 0x000000070ac00000| Updating 
|  87|0x000000070ae00000, 0x000000070b000000, 0x000000070b000000|100%| O|  |TAMS 0x000000070b000000, 0x000000070ae00000| Untracked 
|  88|0x000000070b000000, 0x000000070b200000, 0x000000070b200000|100%| O|  |TAMS 0x000000070b200000, 0x000000070b000000| Untracked 
|  89|0x000000070b200000, 0x000000070b400000, 0x000000070b400000|100%| O|  |TAMS 0x000000070b400000, 0x000000070b200000| Updating 
|  90|0x000000070b400000, 0x000000070b600000, 0x000000070b600000|100%| O|  |TAMS 0x000000070b600000, 0x000000070b400000| Updating 
|  91|0x000000070b600000, 0x000000070b800000, 0x000000070b800000|100%| O|  |TAMS 0x000000070b800000, 0x000000070b600000| Untracked 
|  92|0x000000070b800000, 0x000000070ba00000, 0x000000070ba00000|100%| O|  |TAMS 0x000000070ba00000, 0x000000070b800000| Untracked 
|  93|0x000000070ba00000, 0x000000070bc00000, 0x000000070bc00000|100%| O|  |TAMS 0x000000070bc00000, 0x000000070ba00000| Updating 
|  94|0x000000070bc00000, 0x000000070be00000, 0x000000070be00000|100%| O|  |TAMS 0x000000070be00000, 0x000000070bc00000| Updating 
|  95|0x000000070be00000, 0x000000070c000000, 0x000000070c000000|100%| O|  |TAMS 0x000000070c000000, 0x000000070be00000| Updating 
|  96|0x000000070c000000, 0x000000070c200000, 0x000000070c200000|100%| O|  |TAMS 0x000000070c200000, 0x000000070c000000| Updating 
|  97|0x000000070c200000, 0x000000070c400000, 0x000000070c400000|100%| O|  |TAMS 0x000000070c400000, 0x000000070c200000| Updating 
|  98|0x000000070c400000, 0x000000070c600000, 0x000000070c600000|100%| O|  |TAMS 0x000000070c600000, 0x000000070c400000| Untracked 
|  99|0x000000070c600000, 0x000000070c800000, 0x000000070c800000|100%| O|  |TAMS 0x000000070c800000, 0x000000070c600000| Untracked 
| 100|0x000000070c800000, 0x000000070ca00000, 0x000000070ca00000|100%| O|  |TAMS 0x000000070ca00000, 0x000000070c800000| Untracked 
| 101|0x000000070ca00000, 0x000000070cc00000, 0x000000070cc00000|100%| O|  |TAMS 0x000000070cc00000, 0x000000070ca00000| Untracked 
| 102|0x000000070cc00000, 0x000000070ce00000, 0x000000070ce00000|100%| O|  |TAMS 0x000000070ce00000, 0x000000070cc00000| Updating 
| 103|0x000000070ce00000, 0x000000070d000000, 0x000000070d000000|100%| O|  |TAMS 0x000000070d000000, 0x000000070ce00000| Updating 
| 104|0x000000070d000000, 0x000000070d200000, 0x000000070d200000|100%| O|  |TAMS 0x000000070d200000, 0x000000070d000000| Untracked 
| 105|0x000000070d200000, 0x000000070d400000, 0x000000070d400000|100%| O|  |TAMS 0x000000070d400000, 0x000000070d200000| Untracked 
| 106|0x000000070d400000, 0x000000070d600000, 0x000000070d600000|100%| O|  |TAMS 0x000000070d600000, 0x000000070d400000| Updating 
| 107|0x000000070d600000, 0x000000070d800000, 0x000000070d800000|100%| O|  |TAMS 0x000000070d800000, 0x000000070d600000| Updating 
| 108|0x000000070d800000, 0x000000070da00000, 0x000000070da00000|100%| O|  |TAMS 0x000000070da00000, 0x000000070d800000| Untracked 
| 109|0x000000070da00000, 0x000000070dc00000, 0x000000070dc00000|100%| O|  |TAMS 0x000000070dc00000, 0x000000070da00000| Untracked 
| 110|0x000000070dc00000, 0x000000070de00000, 0x000000070de00000|100%| O|  |TAMS 0x000000070de00000, 0x000000070dc00000| Updating 
| 111|0x000000070de00000, 0x000000070e000000, 0x000000070e000000|100%| O|  |TAMS 0x000000070e000000, 0x000000070de00000| Untracked 
| 112|0x000000070e000000, 0x000000070e200000, 0x000000070e200000|100%| O|  |TAMS 0x000000070e200000, 0x000000070e000000| Untracked 
| 113|0x000000070e200000, 0x000000070e400000, 0x000000070e400000|100%| O|  |TAMS 0x000000070e400000, 0x000000070e200000| Untracked 
| 114|0x000000070e400000, 0x000000070e600000, 0x000000070e600000|100%| O|  |TAMS 0x000000070e600000, 0x000000070e400000| Updating 
| 115|0x000000070e600000, 0x000000070e800000, 0x000000070e800000|100%| O|  |TAMS 0x000000070e800000, 0x000000070e600000| Updating 
| 116|0x000000070e800000, 0x000000070ea00000, 0x000000070ea00000|100%| O|  |TAMS 0x000000070ea00000, 0x000000070e800000| Updating 
| 117|0x000000070ea00000, 0x000000070ec00000, 0x000000070ec00000|100%| O|  |TAMS 0x000000070ec00000, 0x000000070ea00000| Untracked 
| 118|0x000000070ec00000, 0x000000070ee00000, 0x000000070ee00000|100%| O|  |TAMS 0x000000070ee00000, 0x000000070ec00000| Untracked 
| 119|0x000000070ee00000, 0x000000070f000000, 0x000000070f000000|100%| O|  |TAMS 0x000000070f000000, 0x000000070ee00000| Untracked 
| 120|0x000000070f000000, 0x000000070f200000, 0x000000070f200000|100%| O|  |TAMS 0x000000070f200000, 0x000000070f000000| Untracked 
| 121|0x000000070f200000, 0x000000070f400000, 0x000000070f400000|100%| O|  |TAMS 0x000000070f400000, 0x000000070f200000| Untracked 
| 122|0x000000070f400000, 0x000000070f600000, 0x000000070f600000|100%| O|  |TAMS 0x000000070f600000, 0x000000070f400000| Updating 
| 123|0x000000070f600000, 0x000000070f800000, 0x000000070f800000|100%| O|  |TAMS 0x000000070f800000, 0x000000070f600000| Updating 
| 124|0x000000070f800000, 0x000000070fa00000, 0x000000070fa00000|100%| O|  |TAMS 0x000000070fa00000, 0x000000070f800000| Updating 
| 125|0x000000070fa00000, 0x000000070fc00000, 0x000000070fc00000|100%| O|  |TAMS 0x000000070fc00000, 0x000000070fa00000| Updating 
| 126|0x000000070fc00000, 0x000000070fe00000, 0x000000070fe00000|100%| O|  |TAMS 0x000000070fe00000, 0x000000070fc00000| Untracked 
| 127|0x000000070fe00000, 0x0000000710000000, 0x0000000710000000|100%| O|  |TAMS 0x0000000710000000, 0x000000070fe00000| Untracked 
| 128|0x0000000710000000, 0x0000000710200000, 0x0000000710200000|100%| O|  |TAMS 0x0000000710200000, 0x0000000710000000| Untracked 
| 129|0x0000000710200000, 0x0000000710400000, 0x0000000710400000|100%| O|  |TAMS 0x0000000710400000, 0x0000000710200000| Updating 
| 130|0x0000000710400000, 0x0000000710600000, 0x0000000710600000|100%| O|  |TAMS 0x0000000710600000, 0x0000000710400000| Untracked 
| 131|0x0000000710600000, 0x0000000710800000, 0x0000000710800000|100%| O|  |TAMS 0x0000000710800000, 0x0000000710600000| Untracked 
| 132|0x0000000710800000, 0x0000000710a00000, 0x0000000710a00000|100%| O|  |TAMS 0x0000000710a00000, 0x0000000710800000| Untracked 
| 133|0x0000000710a00000, 0x0000000710c00000, 0x0000000710c00000|100%| O|  |TAMS 0x0000000710c00000, 0x0000000710a00000| Untracked 
| 134|0x0000000710c00000, 0x0000000710e00000, 0x0000000710e00000|100%| O|  |TAMS 0x0000000710e00000, 0x0000000710c00000| Untracked 
| 135|0x0000000710e00000, 0x0000000711000000, 0x0000000711000000|100%| O|  |TAMS 0x0000000711000000, 0x0000000710e00000| Untracked 
| 136|0x0000000711000000, 0x0000000711200000, 0x0000000711200000|100%| O|  |TAMS 0x0000000711200000, 0x0000000711000000| Untracked 
| 137|0x0000000711200000, 0x0000000711400000, 0x0000000711400000|100%| O|  |TAMS 0x0000000711400000, 0x0000000711200000| Untracked 
| 138|0x0000000711400000, 0x0000000711600000, 0x0000000711600000|100%| O|  |TAMS 0x0000000711600000, 0x0000000711400000| Untracked 
| 139|0x0000000711600000, 0x0000000711800000, 0x0000000711800000|100%| O|  |TAMS 0x0000000711800000, 0x0000000711600000| Updating 
| 140|0x0000000711800000, 0x0000000711a00000, 0x0000000711a00000|100%| O|  |TAMS 0x0000000711a00000, 0x0000000711800000| Untracked 
| 141|0x0000000711a00000, 0x0000000711c00000, 0x0000000711c00000|100%| O|  |TAMS 0x0000000711c00000, 0x0000000711a00000| Untracked 
| 142|0x0000000711c00000, 0x0000000711e00000, 0x0000000711e00000|100%| O|  |TAMS 0x0000000711e00000, 0x0000000711c00000| Untracked 
| 143|0x0000000711e00000, 0x0000000712000000, 0x0000000712000000|100%| O|  |TAMS 0x0000000712000000, 0x0000000711e00000| Untracked 
| 144|0x0000000712000000, 0x0000000712200000, 0x0000000712200000|100%| O|  |TAMS 0x0000000712200000, 0x0000000712000000| Untracked 
| 145|0x0000000712200000, 0x0000000712400000, 0x0000000712400000|100%| O|  |TAMS 0x0000000712400000, 0x0000000712200000| Updating 
| 146|0x0000000712400000, 0x0000000712600000, 0x0000000712600000|100%| O|  |TAMS 0x0000000712600000, 0x0000000712400000| Untracked 
| 147|0x0000000712600000, 0x0000000712800000, 0x0000000712800000|100%| O|  |TAMS 0x0000000712800000, 0x0000000712600000| Untracked 
| 148|0x0000000712800000, 0x0000000712a00000, 0x0000000712a00000|100%| O|  |TAMS 0x0000000712a00000, 0x0000000712800000| Updating 
| 149|0x0000000712a00000, 0x0000000712c00000, 0x0000000712c00000|100%| O|  |TAMS 0x0000000712c00000, 0x0000000712a00000| Updating 
| 150|0x0000000712c00000, 0x0000000712e00000, 0x0000000712e00000|100%| O|  |TAMS 0x0000000712e00000, 0x0000000712c00000| Untracked 
| 151|0x0000000712e00000, 0x0000000713000000, 0x0000000713000000|100%| O|  |TAMS 0x0000000713000000, 0x0000000712e00000| Untracked 
| 152|0x0000000713000000, 0x0000000713200000, 0x0000000713200000|100%| O|  |TAMS 0x0000000713200000, 0x0000000713000000| Untracked 
| 153|0x0000000713200000, 0x0000000713400000, 0x0000000713400000|100%| O|  |TAMS 0x0000000713400000, 0x0000000713200000| Untracked 
| 154|0x0000000713400000, 0x0000000713600000, 0x0000000713600000|100%| O|  |TAMS 0x0000000713600000, 0x0000000713400000| Untracked 
| 155|0x0000000713600000, 0x0000000713800000, 0x0000000713800000|100%| O|  |TAMS 0x0000000713800000, 0x0000000713600000| Updating 
| 156|0x0000000713800000, 0x0000000713a00000, 0x0000000713a00000|100%| O|  |TAMS 0x0000000713a00000, 0x0000000713800000| Updating 
| 157|0x0000000713a00000, 0x0000000713c00000, 0x0000000713c00000|100%| O|  |TAMS 0x0000000713c00000, 0x0000000713a00000| Untracked 
| 158|0x0000000713c00000, 0x0000000713e00000, 0x0000000713e00000|100%| O|  |TAMS 0x0000000713e00000, 0x0000000713c00000| Untracked 
| 159|0x0000000713e00000, 0x0000000714000000, 0x0000000714000000|100%| O|  |TAMS 0x0000000714000000, 0x0000000713e00000| Untracked 
| 160|0x0000000714000000, 0x0000000714200000, 0x0000000714200000|100%| O|  |TAMS 0x0000000714200000, 0x0000000714000000| Untracked 
| 161|0x0000000714200000, 0x0000000714400000, 0x0000000714400000|100%| O|  |TAMS 0x0000000714400000, 0x0000000714200000| Updating 
| 162|0x0000000714400000, 0x0000000714600000, 0x0000000714600000|100%| O|  |TAMS 0x0000000714600000, 0x0000000714400000| Updating 
| 163|0x0000000714600000, 0x0000000714800000, 0x0000000714800000|100%| O|  |TAMS 0x0000000714800000, 0x0000000714600000| Updating 
| 164|0x0000000714800000, 0x0000000714a00000, 0x0000000714a00000|100%| O|  |TAMS 0x0000000714a00000, 0x0000000714800000| Updating 
| 165|0x0000000714a00000, 0x0000000714c00000, 0x0000000714c00000|100%| O|  |TAMS 0x0000000714c00000, 0x0000000714a00000| Updating 
| 166|0x0000000714c00000, 0x0000000714e00000, 0x0000000714e00000|100%| O|  |TAMS 0x0000000714e00000, 0x0000000714c00000| Updating 
| 167|0x0000000714e00000, 0x0000000715000000, 0x0000000715000000|100%| O|  |TAMS 0x0000000715000000, 0x0000000714e00000| Untracked 
| 168|0x0000000715000000, 0x0000000715200000, 0x0000000715200000|100%| O|  |TAMS 0x0000000715200000, 0x0000000715000000| Updating 
| 169|0x0000000715200000, 0x0000000715400000, 0x0000000715400000|100%| O|  |TAMS 0x0000000715400000, 0x0000000715200000| Untracked 
| 170|0x0000000715400000, 0x0000000715600000, 0x0000000715600000|100%| O|  |TAMS 0x0000000715600000, 0x0000000715400000| Updating 
| 171|0x0000000715600000, 0x0000000715800000, 0x0000000715800000|100%| O|  |TAMS 0x0000000715800000, 0x0000000715600000| Updating 
| 172|0x0000000715800000, 0x0000000715a00000, 0x0000000715a00000|100%| O|  |TAMS 0x0000000715a00000, 0x0000000715800000| Updating 
| 173|0x0000000715a00000, 0x0000000715c00000, 0x0000000715c00000|100%| O|  |TAMS 0x0000000715c00000, 0x0000000715a00000| Untracked 
| 174|0x0000000715c00000, 0x0000000715e00000, 0x0000000715e00000|100%| O|  |TAMS 0x0000000715e00000, 0x0000000715c00000| Untracked 
| 175|0x0000000715e00000, 0x0000000716000000, 0x0000000716000000|100%| O|  |TAMS 0x0000000716000000, 0x0000000715e00000| Updating 
| 176|0x0000000716000000, 0x0000000716200000, 0x0000000716200000|100%| O|  |TAMS 0x0000000716200000, 0x0000000716000000| Untracked 
| 177|0x0000000716200000, 0x0000000716400000, 0x0000000716400000|100%| O|  |TAMS 0x0000000716400000, 0x0000000716200000| Updating 
| 178|0x0000000716400000, 0x0000000716600000, 0x0000000716600000|100%| O|  |TAMS 0x0000000716600000, 0x0000000716400000| Updating 
| 179|0x0000000716600000, 0x0000000716800000, 0x0000000716800000|100%|HS|  |TAMS 0x0000000716800000, 0x0000000716600000| Complete 
| 180|0x0000000716800000, 0x0000000716a00000, 0x0000000716a00000|100%| O|  |TAMS 0x0000000716a00000, 0x0000000716800000| Updating 
| 181|0x0000000716a00000, 0x0000000716c00000, 0x0000000716c00000|100%| O|  |TAMS 0x0000000716c00000, 0x0000000716a00000| Updating 
| 182|0x0000000716c00000, 0x0000000716e00000, 0x0000000716e00000|100%| O|  |TAMS 0x0000000716e00000, 0x0000000716c00000| Updating 
| 183|0x0000000716e00000, 0x0000000717000000, 0x0000000717000000|100%| O|  |TAMS 0x0000000717000000, 0x0000000716e00000| Updating 
| 184|0x0000000717000000, 0x0000000717200000, 0x0000000717200000|100%| O|  |TAMS 0x0000000717200000, 0x0000000717000000| Untracked 
| 185|0x0000000717200000, 0x0000000717400000, 0x0000000717400000|100%| O|  |TAMS 0x0000000717400000, 0x0000000717200000| Untracked 
| 186|0x0000000717400000, 0x0000000717600000, 0x0000000717600000|100%| O|  |TAMS 0x0000000717600000, 0x0000000717400000| Updating 
| 187|0x0000000717600000, 0x0000000717800000, 0x0000000717800000|100%| O|  |TAMS 0x0000000717800000, 0x0000000717600000| Untracked 
| 188|0x0000000717800000, 0x0000000717a00000, 0x0000000717a00000|100%| O|  |TAMS 0x0000000717a00000, 0x0000000717800000| Untracked 
| 189|0x0000000717a00000, 0x0000000717c00000, 0x0000000717c00000|100%| O|  |TAMS 0x0000000717c00000, 0x0000000717a00000| Updating 
| 190|0x0000000717c00000, 0x0000000717c00000, 0x0000000717e00000|  0%| F|  |TAMS 0x0000000717c00000, 0x0000000717c00000| Untracked 
| 191|0x0000000717e00000, 0x0000000718000000, 0x0000000718000000|100%| O|  |TAMS 0x0000000718000000, 0x0000000717e00000| Untracked 
| 192|0x0000000718000000, 0x0000000718200000, 0x0000000718200000|100%| O|  |TAMS 0x0000000718200000, 0x0000000718000000| Untracked 
| 193|0x0000000718200000, 0x0000000718400000, 0x0000000718400000|100%|HS|  |TAMS 0x0000000718400000, 0x0000000718200000| Complete 
| 194|0x0000000718400000, 0x0000000718600000, 0x0000000718600000|100%|HS|  |TAMS 0x0000000718600000, 0x0000000718400000| Complete 
| 195|0x0000000718600000, 0x0000000718800000, 0x0000000718800000|100%| O|  |TAMS 0x0000000718800000, 0x0000000718600000| Updating 
| 196|0x0000000718800000, 0x0000000718a00000, 0x0000000718a00000|100%| O|  |TAMS 0x0000000718a00000, 0x0000000718800000| Updating 
| 197|0x0000000718a00000, 0x0000000718c00000, 0x0000000718c00000|100%| O|  |TAMS 0x0000000718c00000, 0x0000000718a00000| Updating 
| 198|0x0000000718c00000, 0x0000000718e00000, 0x0000000718e00000|100%| O|  |TAMS 0x0000000718e00000, 0x0000000718c00000| Updating 
| 199|0x0000000718e00000, 0x0000000718e00000, 0x0000000719000000|  0%| F|  |TAMS 0x0000000718e00000, 0x0000000718e00000| Untracked 
| 200|0x0000000719000000, 0x0000000719000000, 0x0000000719200000|  0%| F|  |TAMS 0x0000000719000000, 0x0000000719000000| Untracked 
| 201|0x0000000719200000, 0x0000000719200000, 0x0000000719400000|  0%| F|  |TAMS 0x0000000719200000, 0x0000000719200000| Untracked 
| 202|0x0000000719400000, 0x0000000719400000, 0x0000000719600000|  0%| F|  |TAMS 0x0000000719400000, 0x0000000719400000| Untracked 
| 203|0x0000000719600000, 0x0000000719800000, 0x0000000719800000|100%|HS|  |TAMS 0x0000000719800000, 0x0000000719600000| Complete 
| 204|0x0000000719800000, 0x0000000719a00000, 0x0000000719a00000|100%|HC|  |TAMS 0x0000000719a00000, 0x0000000719800000| Complete 
| 205|0x0000000719a00000, 0x0000000719a00000, 0x0000000719c00000|  0%| F|  |TAMS 0x0000000719a00000, 0x0000000719a00000| Untracked 
| 206|0x0000000719c00000, 0x0000000719e00000, 0x0000000719e00000|100%|HS|  |TAMS 0x0000000719e00000, 0x0000000719c00000| Complete 
| 207|0x0000000719e00000, 0x000000071a000000, 0x000000071a000000|100%|HS|  |TAMS 0x000000071a000000, 0x0000000719e00000| Complete 
| 208|0x000000071a000000, 0x000000071a000000, 0x000000071a200000|  0%| F|  |TAMS 0x000000071a000000, 0x000000071a000000| Untracked 
| 209|0x000000071a200000, 0x000000071a400000, 0x000000071a400000|100%|HS|  |TAMS 0x000000071a400000, 0x000000071a200000| Complete 
| 210|0x000000071a400000, 0x000000071a600000, 0x000000071a600000|100%|HC|  |TAMS 0x000000071a600000, 0x000000071a400000| Complete 
| 211|0x000000071a600000, 0x000000071a800000, 0x000000071a800000|100%| O|  |TAMS 0x000000071a800000, 0x000000071a600000| Updating 
| 212|0x000000071a800000, 0x000000071aa00000, 0x000000071aa00000|100%|HS|  |TAMS 0x000000071aa00000, 0x000000071a800000| Complete 
| 213|0x000000071aa00000, 0x000000071aa00000, 0x000000071ac00000|  0%| F|  |TAMS 0x000000071aa00000, 0x000000071aa00000| Untracked 
| 214|0x000000071ac00000, 0x000000071ae00000, 0x000000071ae00000|100%|HS|  |TAMS 0x000000071ae00000, 0x000000071ac00000| Complete 
| 215|0x000000071ae00000, 0x000000071ae00000, 0x000000071b000000|  0%| F|  |TAMS 0x000000071ae00000, 0x000000071ae00000| Untracked 
| 216|0x000000071b000000, 0x000000071b000000, 0x000000071b200000|  0%| F|  |TAMS 0x000000071b000000, 0x000000071b000000| Untracked 
| 217|0x000000071b200000, 0x000000071b200000, 0x000000071b400000|  0%| F|  |TAMS 0x000000071b200000, 0x000000071b200000| Untracked 
| 218|0x000000071b400000, 0x000000071b600000, 0x000000071b600000|100%|HS|  |TAMS 0x000000071b600000, 0x000000071b400000| Complete 
| 219|0x000000071b600000, 0x000000071b800000, 0x000000071b800000|100%|HC|  |TAMS 0x000000071b800000, 0x000000071b600000| Complete 
| 220|0x000000071b800000, 0x000000071ba00000, 0x000000071ba00000|100%|HS|  |TAMS 0x000000071ba00000, 0x000000071b800000| Complete 
| 221|0x000000071ba00000, 0x000000071bc00000, 0x000000071bc00000|100%|HC|  |TAMS 0x000000071bc00000, 0x000000071ba00000| Complete 
| 222|0x000000071bc00000, 0x000000071be00000, 0x000000071be00000|100%|HS|  |TAMS 0x000000071be00000, 0x000000071bc00000| Complete 
| 223|0x000000071be00000, 0x000000071c000000, 0x000000071c000000|100%|HS|  |TAMS 0x000000071c000000, 0x000000071be00000| Complete 
| 224|0x000000071c000000, 0x000000071c000000, 0x000000071c200000|  0%| F|  |TAMS 0x000000071c000000, 0x000000071c000000| Untracked 
| 225|0x000000071c200000, 0x000000071c200000, 0x000000071c400000|  0%| F|  |TAMS 0x000000071c200000, 0x000000071c200000| Untracked 
| 226|0x000000071c400000, 0x000000071c400000, 0x000000071c600000|  0%| F|  |TAMS 0x000000071c400000, 0x000000071c400000| Untracked 
| 227|0x000000071c600000, 0x000000071c800000, 0x000000071c800000|100%|HS|  |TAMS 0x000000071c800000, 0x000000071c600000| Complete 
| 228|0x000000071c800000, 0x000000071ca00000, 0x000000071ca00000|100%|HS|  |TAMS 0x000000071ca00000, 0x000000071c800000| Complete 
| 229|0x000000071ca00000, 0x000000071cc00000, 0x000000071cc00000|100%|HS|  |TAMS 0x000000071cc00000, 0x000000071ca00000| Complete 
| 230|0x000000071cc00000, 0x000000071cc00000, 0x000000071ce00000|  0%| F|  |TAMS 0x000000071cc00000, 0x000000071cc00000| Untracked 
| 231|0x000000071ce00000, 0x000000071d000000, 0x000000071d000000|100%| O|  |TAMS 0x000000071d000000, 0x000000071ce00000| Updating 
| 232|0x000000071d000000, 0x000000071d200000, 0x000000071d200000|100%| O|  |TAMS 0x000000071d000000, 0x000000071d000000| Untracked 
| 233|0x000000071d200000, 0x000000071d400000, 0x000000071d400000|100%| O|  |TAMS 0x000000071d400000, 0x000000071d200000| Updating 
| 234|0x000000071d400000, 0x000000071d600000, 0x000000071d600000|100%| O|  |TAMS 0x000000071d600000, 0x000000071d400000| Updating 
| 235|0x000000071d600000, 0x000000071d800000, 0x000000071d800000|100%| O|  |TAMS 0x000000071d800000, 0x000000071d600000| Updating 
| 236|0x000000071d800000, 0x000000071da00000, 0x000000071da00000|100%| O|  |TAMS 0x000000071da00000, 0x000000071d800000| Updating 
| 237|0x000000071da00000, 0x000000071da00000, 0x000000071dc00000|  0%| F|  |TAMS 0x000000071da00000, 0x000000071da00000| Untracked 
| 238|0x000000071dc00000, 0x000000071dc00000, 0x000000071de00000|  0%| F|  |TAMS 0x000000071dc00000, 0x000000071dc00000| Untracked 
| 239|0x000000071de00000, 0x000000071de00000, 0x000000071e000000|  0%| F|  |TAMS 0x000000071de00000, 0x000000071de00000| Untracked 
| 240|0x000000071e000000, 0x000000071e000000, 0x000000071e200000|  0%| F|  |TAMS 0x000000071e000000, 0x000000071e000000| Untracked 
| 241|0x000000071e200000, 0x000000071e400000, 0x000000071e400000|100%| O|  |TAMS 0x000000071e400000, 0x000000071e200000| Untracked 
| 242|0x000000071e400000, 0x000000071e600000, 0x000000071e600000|100%| O|  |TAMS 0x000000071e600000, 0x000000071e400000| Untracked 
| 243|0x000000071e600000, 0x000000071e800000, 0x000000071e800000|100%| O|  |TAMS 0x000000071e800000, 0x000000071e600000| Untracked 
| 244|0x000000071e800000, 0x000000071ea00000, 0x000000071ea00000|100%| O|  |TAMS 0x000000071ea00000, 0x000000071e800000| Untracked 
| 245|0x000000071ea00000, 0x000000071ec00000, 0x000000071ec00000|100%| O|  |TAMS 0x000000071ec00000, 0x000000071ea00000| Untracked 
| 246|0x000000071ec00000, 0x000000071ee00000, 0x000000071ee00000|100%| O|  |TAMS 0x000000071ee00000, 0x000000071ec00000| Updating 
| 247|0x000000071ee00000, 0x000000071f000000, 0x000000071f000000|100%| O|  |TAMS 0x000000071f000000, 0x000000071ee00000| Updating 
| 248|0x000000071f000000, 0x000000071f200000, 0x000000071f200000|100%| O|  |TAMS 0x000000071f200000, 0x000000071f000000| Untracked 
| 249|0x000000071f200000, 0x000000071f200000, 0x000000071f400000|  0%| F|  |TAMS 0x000000071f200000, 0x000000071f200000| Untracked 
| 250|0x000000071f400000, 0x000000071f600000, 0x000000071f600000|100%| O|  |TAMS 0x000000071f600000, 0x000000071f400000| Updating 
| 251|0x000000071f600000, 0x000000071f800000, 0x000000071f800000|100%| O|  |TAMS 0x000000071f800000, 0x000000071f600000| Untracked 
| 252|0x000000071f800000, 0x000000071fa00000, 0x000000071fa00000|100%| O|  |TAMS 0x000000071fa00000, 0x000000071f800000| Untracked 
| 253|0x000000071fa00000, 0x000000071fc00000, 0x000000071fc00000|100%| O|  |TAMS 0x000000071fc00000, 0x000000071fa00000| Untracked 
| 254|0x000000071fc00000, 0x000000071fe00000, 0x000000071fe00000|100%|HS|  |TAMS 0x000000071fe00000, 0x000000071fc00000| Complete 
| 255|0x000000071fe00000, 0x0000000720000000, 0x0000000720000000|100%| O|  |TAMS 0x0000000720000000, 0x000000071fe00000| Updating 
| 256|0x0000000720000000, 0x0000000720200000, 0x0000000720200000|100%| O|  |TAMS 0x0000000720200000, 0x0000000720000000| Updating 
| 257|0x0000000720200000, 0x0000000720400000, 0x0000000720400000|100%| O|  |TAMS 0x0000000720400000, 0x0000000720200000| Updating 
| 258|0x0000000720400000, 0x0000000720600000, 0x0000000720600000|100%| O|  |TAMS 0x0000000720600000, 0x0000000720400000| Untracked 
| 259|0x0000000720600000, 0x0000000720800000, 0x0000000720800000|100%| O|  |TAMS 0x0000000720800000, 0x0000000720600000| Updating 
| 260|0x0000000720800000, 0x0000000720a00000, 0x0000000720a00000|100%| O|  |TAMS 0x0000000720a00000, 0x0000000720800000| Updating 
| 261|0x0000000720a00000, 0x0000000720c00000, 0x0000000720c00000|100%| O|  |TAMS 0x0000000720c00000, 0x0000000720a00000| Untracked 
| 262|0x0000000720c00000, 0x0000000720e00000, 0x0000000720e00000|100%| O|  |TAMS 0x0000000720e00000, 0x0000000720c00000| Untracked 
| 263|0x0000000720e00000, 0x0000000721000000, 0x0000000721000000|100%| O|  |TAMS 0x0000000721000000, 0x0000000720e00000| Updating 
| 264|0x0000000721000000, 0x0000000721200000, 0x0000000721200000|100%| O|  |TAMS 0x0000000721200000, 0x0000000721000000| Untracked 
| 265|0x0000000721200000, 0x0000000721400000, 0x0000000721400000|100%| O|  |TAMS 0x0000000721400000, 0x0000000721200000| Updating 
| 266|0x0000000721400000, 0x0000000721600000, 0x0000000721600000|100%| O|  |TAMS 0x0000000721600000, 0x0000000721400000| Updating 
| 267|0x0000000721600000, 0x0000000721800000, 0x0000000721800000|100%| O|  |TAMS 0x0000000721600000, 0x0000000721600000| Untracked 
| 268|0x0000000721800000, 0x0000000721a00000, 0x0000000721a00000|100%| O|  |TAMS 0x0000000721a00000, 0x0000000721800000| Updating 
| 269|0x0000000721a00000, 0x0000000721c00000, 0x0000000721c00000|100%| O|  |TAMS 0x0000000721c00000, 0x0000000721a00000| Updating 
| 270|0x0000000721c00000, 0x0000000721e00000, 0x0000000721e00000|100%| O|  |TAMS 0x0000000721c00000, 0x0000000721c00000| Untracked 
| 271|0x0000000721e00000, 0x0000000722000000, 0x0000000722000000|100%| O|  |TAMS 0x0000000722000000, 0x0000000721e00000| Updating 
| 272|0x0000000722000000, 0x0000000722200000, 0x0000000722200000|100%| O|  |TAMS 0x0000000722200000, 0x0000000722000000| Untracked 
| 273|0x0000000722200000, 0x0000000722400000, 0x0000000722400000|100%| O|  |TAMS 0x0000000722400000, 0x0000000722200000| Updating 
| 274|0x0000000722400000, 0x0000000722600000, 0x0000000722600000|100%| O|  |TAMS 0x0000000722600000, 0x0000000722400000| Untracked 
| 275|0x0000000722600000, 0x0000000722800000, 0x0000000722800000|100%| O|  |TAMS 0x0000000722800000, 0x0000000722600000| Updating 
| 276|0x0000000722800000, 0x0000000722a00000, 0x0000000722a00000|100%| O|  |TAMS 0x0000000722a00000, 0x0000000722800000| Untracked 
| 277|0x0000000722a00000, 0x0000000722c00000, 0x0000000722c00000|100%| O|  |TAMS 0x0000000722c00000, 0x0000000722a00000| Untracked 
| 278|0x0000000722c00000, 0x0000000722e00000, 0x0000000722e00000|100%| O|  |TAMS 0x0000000722e00000, 0x0000000722c00000| Updating 
| 279|0x0000000722e00000, 0x0000000723000000, 0x0000000723000000|100%| O|  |TAMS 0x0000000723000000, 0x0000000722e00000| Untracked 
| 280|0x0000000723000000, 0x0000000723200000, 0x0000000723200000|100%| O|  |TAMS 0x0000000723200000, 0x0000000723000000| Untracked 
| 281|0x0000000723200000, 0x0000000723400000, 0x0000000723400000|100%| O|  |TAMS 0x0000000723400000, 0x0000000723200000| Updating 
| 282|0x0000000723400000, 0x0000000723400000, 0x0000000723600000|  0%| F|  |TAMS 0x0000000723400000, 0x0000000723400000| Untracked 
| 283|0x0000000723600000, 0x0000000723600000, 0x0000000723800000|  0%| F|  |TAMS 0x0000000723600000, 0x0000000723600000| Untracked 
| 284|0x0000000723800000, 0x0000000723800000, 0x0000000723a00000|  0%| F|  |TAMS 0x0000000723800000, 0x0000000723800000| Untracked 
| 285|0x0000000723a00000, 0x0000000723a00000, 0x0000000723c00000|  0%| F|  |TAMS 0x0000000723a00000, 0x0000000723a00000| Untracked 
| 286|0x0000000723c00000, 0x0000000723c00000, 0x0000000723e00000|  0%| F|  |TAMS 0x0000000723c00000, 0x0000000723c00000| Untracked 
| 287|0x0000000723e00000, 0x0000000723e00000, 0x0000000724000000|  0%| F|  |TAMS 0x0000000723e00000, 0x0000000723e00000| Untracked 
| 288|0x0000000724000000, 0x0000000724000000, 0x0000000724200000|  0%| F|  |TAMS 0x0000000724000000, 0x0000000724000000| Untracked 
| 289|0x0000000724200000, 0x0000000724200000, 0x0000000724400000|  0%| F|  |TAMS 0x0000000724200000, 0x0000000724200000| Untracked 
| 290|0x0000000724400000, 0x0000000724400000, 0x0000000724600000|  0%| F|  |TAMS 0x0000000724400000, 0x0000000724400000| Untracked 
| 291|0x0000000724600000, 0x0000000724600000, 0x0000000724800000|  0%| F|  |TAMS 0x0000000724600000, 0x0000000724600000| Untracked 
| 292|0x0000000724800000, 0x0000000724800000, 0x0000000724a00000|  0%| F|  |TAMS 0x0000000724800000, 0x0000000724800000| Untracked 
| 293|0x0000000724a00000, 0x0000000724a00000, 0x0000000724c00000|  0%| F|  |TAMS 0x0000000724a00000, 0x0000000724a00000| Untracked 
| 294|0x0000000724c00000, 0x0000000724c00000, 0x0000000724e00000|  0%| F|  |TAMS 0x0000000724c00000, 0x0000000724c00000| Untracked 
| 295|0x0000000724e00000, 0x0000000724e00000, 0x0000000725000000|  0%| F|  |TAMS 0x0000000724e00000, 0x0000000724e00000| Untracked 
| 296|0x0000000725000000, 0x0000000725000000, 0x0000000725200000|  0%| F|  |TAMS 0x0000000725000000, 0x0000000725000000| Untracked 
| 297|0x0000000725200000, 0x0000000725200000, 0x0000000725400000|  0%| F|  |TAMS 0x0000000725200000, 0x0000000725200000| Untracked 
| 298|0x0000000725400000, 0x0000000725400000, 0x0000000725600000|  0%| F|  |TAMS 0x0000000725400000, 0x0000000725400000| Untracked 
| 299|0x0000000725600000, 0x0000000725600000, 0x0000000725800000|  0%| F|  |TAMS 0x0000000725600000, 0x0000000725600000| Untracked 
| 300|0x0000000725800000, 0x0000000725a00000, 0x0000000725a00000|100%|HS|  |TAMS 0x0000000725a00000, 0x0000000725800000| Complete 
| 301|0x0000000725a00000, 0x0000000725c00000, 0x0000000725c00000|100%|HS|  |TAMS 0x0000000725c00000, 0x0000000725a00000| Complete 
| 302|0x0000000725c00000, 0x0000000725e00000, 0x0000000725e00000|100%| O|  |TAMS 0x0000000725e00000, 0x0000000725c00000| Untracked 
| 303|0x0000000725e00000, 0x0000000726000000, 0x0000000726000000|100%| O|  |TAMS 0x0000000726000000, 0x0000000725e00000| Untracked 
| 304|0x0000000726000000, 0x0000000726200000, 0x0000000726200000|100%| O|  |TAMS 0x0000000726200000, 0x0000000726000000| Updating 
| 305|0x0000000726200000, 0x0000000726200000, 0x0000000726400000|  0%| F|  |TAMS 0x0000000726200000, 0x0000000726200000| Untracked 
| 306|0x0000000726400000, 0x0000000726400000, 0x0000000726600000|  0%| F|  |TAMS 0x0000000726400000, 0x0000000726400000| Untracked 
| 307|0x0000000726600000, 0x0000000726600000, 0x0000000726800000|  0%| F|  |TAMS 0x0000000726600000, 0x0000000726600000| Untracked 
| 308|0x0000000726800000, 0x0000000726800000, 0x0000000726a00000|  0%| F|  |TAMS 0x0000000726800000, 0x0000000726800000| Untracked 
| 309|0x0000000726a00000, 0x0000000726c00000, 0x0000000726c00000|100%|HS|  |TAMS 0x0000000726c00000, 0x0000000726a00000| Complete 
| 310|0x0000000726c00000, 0x0000000726e00000, 0x0000000726e00000|100%|HC|  |TAMS 0x0000000726e00000, 0x0000000726c00000| Complete 
| 311|0x0000000726e00000, 0x0000000727000000, 0x0000000727000000|100%|HC|  |TAMS 0x0000000727000000, 0x0000000726e00000| Complete 
| 312|0x0000000727000000, 0x0000000727000000, 0x0000000727200000|  0%| F|  |TAMS 0x0000000727000000, 0x0000000727000000| Untracked 
| 313|0x0000000727200000, 0x0000000727200000, 0x0000000727400000|  0%| F|  |TAMS 0x0000000727200000, 0x0000000727200000| Untracked 
| 314|0x0000000727400000, 0x0000000727400000, 0x0000000727600000|  0%| F|  |TAMS 0x0000000727400000, 0x0000000727400000| Untracked 
| 315|0x0000000727600000, 0x0000000727600000, 0x0000000727800000|  0%| F|  |TAMS 0x0000000727600000, 0x0000000727600000| Untracked 
| 316|0x0000000727800000, 0x0000000727800000, 0x0000000727a00000|  0%| F|  |TAMS 0x0000000727800000, 0x0000000727800000| Untracked 
| 317|0x0000000727a00000, 0x0000000727c00000, 0x0000000727c00000|100%|HS|  |TAMS 0x0000000727c00000, 0x0000000727a00000| Complete 
| 318|0x0000000727c00000, 0x0000000727e00000, 0x0000000727e00000|100%|HC|  |TAMS 0x0000000727e00000, 0x0000000727c00000| Complete 
| 319|0x0000000727e00000, 0x0000000728000000, 0x0000000728000000|100%|HC|  |TAMS 0x0000000728000000, 0x0000000727e00000| Complete 
| 320|0x0000000728000000, 0x0000000728200000, 0x0000000728200000|100%|HC|  |TAMS 0x0000000728200000, 0x0000000728000000| Complete 
| 321|0x0000000728200000, 0x0000000728400000, 0x0000000728400000|100%|HS|  |TAMS 0x0000000728400000, 0x0000000728200000| Complete 
| 322|0x0000000728400000, 0x0000000728600000, 0x0000000728600000|100%|HC|  |TAMS 0x0000000728600000, 0x0000000728400000| Complete 
| 323|0x0000000728600000, 0x0000000728800000, 0x0000000728800000|100%|HC|  |TAMS 0x0000000728800000, 0x0000000728600000| Complete 
| 324|0x0000000728800000, 0x0000000728a00000, 0x0000000728a00000|100%|HC|  |TAMS 0x0000000728a00000, 0x0000000728800000| Complete 
| 325|0x0000000728a00000, 0x0000000728c00000, 0x0000000728c00000|100%|HS|  |TAMS 0x0000000728c00000, 0x0000000728a00000| Complete 
| 326|0x0000000728c00000, 0x0000000728e00000, 0x0000000728e00000|100%|HC|  |TAMS 0x0000000728e00000, 0x0000000728c00000| Complete 
| 327|0x0000000728e00000, 0x0000000729000000, 0x0000000729000000|100%|HC|  |TAMS 0x0000000729000000, 0x0000000728e00000| Complete 
| 328|0x0000000729000000, 0x0000000729200000, 0x0000000729200000|100%|HC|  |TAMS 0x0000000729200000, 0x0000000729000000| Complete 
| 329|0x0000000729200000, 0x0000000729400000, 0x0000000729400000|100%|HS|  |TAMS 0x0000000729400000, 0x0000000729200000| Complete 
| 330|0x0000000729400000, 0x0000000729600000, 0x0000000729600000|100%|HC|  |TAMS 0x0000000729600000, 0x0000000729400000| Complete 
| 331|0x0000000729600000, 0x0000000729800000, 0x0000000729800000|100%|HC|  |TAMS 0x0000000729800000, 0x0000000729600000| Complete 
| 332|0x0000000729800000, 0x0000000729a00000, 0x0000000729a00000|100%|HC|  |TAMS 0x0000000729a00000, 0x0000000729800000| Complete 
| 333|0x0000000729a00000, 0x0000000729c00000, 0x0000000729c00000|100%| O|  |TAMS 0x0000000729c00000, 0x0000000729a00000| Updating 
| 334|0x0000000729c00000, 0x0000000729e00000, 0x0000000729e00000|100%| O|  |TAMS 0x0000000729e00000, 0x0000000729c00000| Updating 
| 335|0x0000000729e00000, 0x000000072a000000, 0x000000072a000000|100%| O|  |TAMS 0x000000072a000000, 0x0000000729e00000| Updating 
| 336|0x000000072a000000, 0x000000072a200000, 0x000000072a200000|100%| O|  |TAMS 0x000000072a000000, 0x000000072a000000| Untracked 
| 337|0x000000072a200000, 0x000000072a200000, 0x000000072a400000|  0%| F|  |TAMS 0x000000072a200000, 0x000000072a200000| Untracked 
| 338|0x000000072a400000, 0x000000072a400000, 0x000000072a600000|  0%| F|  |TAMS 0x000000072a400000, 0x000000072a400000| Untracked 
| 339|0x000000072a600000, 0x000000072a600000, 0x000000072a800000|  0%| F|  |TAMS 0x000000072a600000, 0x000000072a600000| Untracked 
| 340|0x000000072a800000, 0x000000072a800000, 0x000000072aa00000|  0%| F|  |TAMS 0x000000072a800000, 0x000000072a800000| Untracked 
| 341|0x000000072aa00000, 0x000000072ac00000, 0x000000072ac00000|100%|HS|  |TAMS 0x000000072ac00000, 0x000000072aa00000| Complete 
| 342|0x000000072ac00000, 0x000000072ae00000, 0x000000072ae00000|100%|HC|  |TAMS 0x000000072ae00000, 0x000000072ac00000| Complete 
| 343|0x000000072ae00000, 0x000000072b000000, 0x000000072b000000|100%|HC|  |TAMS 0x000000072b000000, 0x000000072ae00000| Complete 
| 344|0x000000072b000000, 0x000000072b200000, 0x000000072b200000|100%|HC|  |TAMS 0x000000072b200000, 0x000000072b000000| Complete 
| 345|0x000000072b200000, 0x000000072b200000, 0x000000072b400000|  0%| F|  |TAMS 0x000000072b200000, 0x000000072b200000| Untracked 
| 346|0x000000072b400000, 0x000000072b400000, 0x000000072b600000|  0%| F|  |TAMS 0x000000072b400000, 0x000000072b400000| Untracked 
| 347|0x000000072b600000, 0x000000072b800000, 0x000000072b800000|100%|HS|  |TAMS 0x000000072b800000, 0x000000072b600000| Complete 
| 348|0x000000072b800000, 0x000000072ba00000, 0x000000072ba00000|100%|HC|  |TAMS 0x000000072ba00000, 0x000000072b800000| Complete 
| 349|0x000000072ba00000, 0x000000072bc00000, 0x000000072bc00000|100%|HC|  |TAMS 0x000000072bc00000, 0x000000072ba00000| Complete 
| 350|0x000000072bc00000, 0x000000072be00000, 0x000000072be00000|100%|HC|  |TAMS 0x000000072be00000, 0x000000072bc00000| Complete 
| 351|0x000000072be00000, 0x000000072c000000, 0x000000072c000000|100%|HS|  |TAMS 0x000000072c000000, 0x000000072be00000| Complete 
| 352|0x000000072c000000, 0x000000072c200000, 0x000000072c200000|100%|HS|  |TAMS 0x000000072c200000, 0x000000072c000000| Complete 
| 353|0x000000072c200000, 0x000000072c400000, 0x000000072c400000|100%|HS|  |TAMS 0x000000072c400000, 0x000000072c200000| Complete 
| 354|0x000000072c400000, 0x000000072c600000, 0x000000072c600000|100%|HS|  |TAMS 0x000000072c600000, 0x000000072c400000| Complete 
| 355|0x000000072c600000, 0x000000072c800000, 0x000000072c800000|100%|HC|  |TAMS 0x000000072c800000, 0x000000072c600000| Complete 
| 356|0x000000072c800000, 0x000000072ca00000, 0x000000072ca00000|100%|HC|  |TAMS 0x000000072ca00000, 0x000000072c800000| Complete 
| 357|0x000000072ca00000, 0x000000072cc00000, 0x000000072cc00000|100%|HC|  |TAMS 0x000000072cc00000, 0x000000072ca00000| Complete 
| 358|0x000000072cc00000, 0x000000072ce00000, 0x000000072ce00000|100%|HS|  |TAMS 0x000000072ce00000, 0x000000072cc00000| Complete 
| 359|0x000000072ce00000, 0x000000072d000000, 0x000000072d000000|100%|HC|  |TAMS 0x000000072d000000, 0x000000072ce00000| Complete 
| 360|0x000000072d000000, 0x000000072d200000, 0x000000072d200000|100%|HC|  |TAMS 0x000000072d200000, 0x000000072d000000| Complete 
| 361|0x000000072d200000, 0x000000072d400000, 0x000000072d400000|100%|HC|  |TAMS 0x000000072d400000, 0x000000072d200000| Complete 
| 362|0x000000072d400000, 0x000000072d400000, 0x000000072d600000|  0%| F|  |TAMS 0x000000072d400000, 0x000000072d400000| Untracked 
| 363|0x000000072d600000, 0x000000072d600000, 0x000000072d800000|  0%| F|  |TAMS 0x000000072d600000, 0x000000072d600000| Untracked 
| 364|0x000000072d800000, 0x000000072d800000, 0x000000072da00000|  0%| F|  |TAMS 0x000000072d800000, 0x000000072d800000| Untracked 
| 365|0x000000072da00000, 0x000000072da00000, 0x000000072dc00000|  0%| F|  |TAMS 0x000000072da00000, 0x000000072da00000| Untracked 
| 366|0x000000072dc00000, 0x000000072de00000, 0x000000072de00000|100%|HS|  |TAMS 0x000000072de00000, 0x000000072dc00000| Complete 
| 367|0x000000072de00000, 0x000000072de00000, 0x000000072e000000|  0%| F|  |TAMS 0x000000072de00000, 0x000000072de00000| Untracked 
| 368|0x000000072e000000, 0x000000072e200000, 0x000000072e200000|100%|HS|  |TAMS 0x000000072e200000, 0x000000072e000000| Complete 
| 369|0x000000072e200000, 0x000000072e400000, 0x000000072e400000|100%|HC|  |TAMS 0x000000072e400000, 0x000000072e200000| Complete 
| 370|0x000000072e400000, 0x000000072e600000, 0x000000072e600000|100%|HC|  |TAMS 0x000000072e600000, 0x000000072e400000| Complete 
| 371|0x000000072e600000, 0x000000072e800000, 0x000000072e800000|100%|HC|  |TAMS 0x000000072e800000, 0x000000072e600000| Complete 
| 372|0x000000072e800000, 0x000000072ea00000, 0x000000072ea00000|100%|HC|  |TAMS 0x000000072ea00000, 0x000000072e800000| Complete 
| 373|0x000000072ea00000, 0x000000072ec00000, 0x000000072ec00000|100%|HS|  |TAMS 0x000000072ec00000, 0x000000072ea00000| Complete 
| 374|0x000000072ec00000, 0x000000072ee00000, 0x000000072ee00000|100%|HC|  |TAMS 0x000000072ee00000, 0x000000072ec00000| Complete 
| 375|0x000000072ee00000, 0x000000072f000000, 0x000000072f000000|100%|HC|  |TAMS 0x000000072f000000, 0x000000072ee00000| Complete 
| 376|0x000000072f000000, 0x000000072f200000, 0x000000072f200000|100%|HC|  |TAMS 0x000000072f200000, 0x000000072f000000| Complete 
| 377|0x000000072f200000, 0x000000072f400000, 0x000000072f400000|100%|HC|  |TAMS 0x000000072f400000, 0x000000072f200000| Complete 
| 378|0x000000072f400000, 0x000000072f600000, 0x000000072f600000|100%|HS|  |TAMS 0x000000072f600000, 0x000000072f400000| Complete 
| 379|0x000000072f600000, 0x000000072f800000, 0x000000072f800000|100%|HC|  |TAMS 0x000000072f800000, 0x000000072f600000| Complete 
| 380|0x000000072f800000, 0x000000072fa00000, 0x000000072fa00000|100%|HC|  |TAMS 0x000000072fa00000, 0x000000072f800000| Complete 
| 381|0x000000072fa00000, 0x000000072fc00000, 0x000000072fc00000|100%|HC|  |TAMS 0x000000072fc00000, 0x000000072fa00000| Complete 
| 382|0x000000072fc00000, 0x000000072fe00000, 0x000000072fe00000|100%|HC|  |TAMS 0x000000072fe00000, 0x000000072fc00000| Complete 
| 383|0x000000072fe00000, 0x000000072fe00000, 0x0000000730000000|  0%| F|  |TAMS 0x000000072fe00000, 0x000000072fe00000| Untracked 
| 384|0x0000000730000000, 0x0000000730000000, 0x0000000730200000|  0%| F|  |TAMS 0x0000000730000000, 0x0000000730000000| Untracked 
| 385|0x0000000730200000, 0x0000000730200000, 0x0000000730400000|  0%| F|  |TAMS 0x0000000730200000, 0x0000000730200000| Untracked 
| 386|0x0000000730400000, 0x0000000730400000, 0x0000000730600000|  0%| F|  |TAMS 0x0000000730400000, 0x0000000730400000| Untracked 
| 387|0x0000000730600000, 0x0000000730600000, 0x0000000730800000|  0%| F|  |TAMS 0x0000000730600000, 0x0000000730600000| Untracked 
| 388|0x0000000730800000, 0x0000000730800000, 0x0000000730a00000|  0%| F|  |TAMS 0x0000000730800000, 0x0000000730800000| Untracked 
| 389|0x0000000730a00000, 0x0000000730a00000, 0x0000000730c00000|  0%| F|  |TAMS 0x0000000730a00000, 0x0000000730a00000| Untracked 
| 390|0x0000000730c00000, 0x0000000730e00000, 0x0000000730e00000|100%|HS|  |TAMS 0x0000000730e00000, 0x0000000730c00000| Complete 
| 391|0x0000000730e00000, 0x0000000731000000, 0x0000000731000000|100%|HS|  |TAMS 0x0000000731000000, 0x0000000730e00000| Complete 
| 392|0x0000000731000000, 0x0000000731200000, 0x0000000731200000|100%|HS|  |TAMS 0x0000000731200000, 0x0000000731000000| Complete 
| 393|0x0000000731200000, 0x0000000731400000, 0x0000000731400000|100%|HC|  |TAMS 0x0000000731400000, 0x0000000731200000| Complete 
| 394|0x0000000731400000, 0x0000000731600000, 0x0000000731600000|100%|HC|  |TAMS 0x0000000731600000, 0x0000000731400000| Complete 
| 395|0x0000000731600000, 0x0000000731800000, 0x0000000731800000|100%|HC|  |TAMS 0x0000000731800000, 0x0000000731600000| Complete 
| 396|0x0000000731800000, 0x0000000731800000, 0x0000000731a00000|  0%| F|  |TAMS 0x0000000731800000, 0x0000000731800000| Untracked 
| 397|0x0000000731a00000, 0x0000000731a00000, 0x0000000731c00000|  0%| F|  |TAMS 0x0000000731a00000, 0x0000000731a00000| Untracked 
| 398|0x0000000731c00000, 0x0000000731c00000, 0x0000000731e00000|  0%| F|  |TAMS 0x0000000731c00000, 0x0000000731c00000| Untracked 
| 399|0x0000000731e00000, 0x0000000732000000, 0x0000000732000000|100%| O|  |TAMS 0x0000000731e00000, 0x0000000731e00000| Untracked 
| 400|0x0000000732000000, 0x0000000732200000, 0x0000000732200000|100%|HS|  |TAMS 0x0000000732200000, 0x0000000732000000| Complete 
| 401|0x0000000732200000, 0x0000000732200000, 0x0000000732400000|  0%| F|  |TAMS 0x0000000732200000, 0x0000000732200000| Untracked 
| 402|0x0000000732400000, 0x0000000732400000, 0x0000000732600000|  0%| F|  |TAMS 0x0000000732400000, 0x0000000732400000| Untracked 
| 403|0x0000000732600000, 0x0000000732600000, 0x0000000732800000|  0%| F|  |TAMS 0x0000000732600000, 0x0000000732600000| Untracked 
| 404|0x0000000732800000, 0x0000000732800000, 0x0000000732a00000|  0%| F|  |TAMS 0x0000000732800000, 0x0000000732800000| Untracked 
| 405|0x0000000732a00000, 0x0000000732a00000, 0x0000000732c00000|  0%| F|  |TAMS 0x0000000732a00000, 0x0000000732a00000| Untracked 
| 406|0x0000000732c00000, 0x0000000732e00000, 0x0000000732e00000|100%|HS|  |TAMS 0x0000000732e00000, 0x0000000732c00000| Complete 
| 407|0x0000000732e00000, 0x0000000733000000, 0x0000000733000000|100%|HS|  |TAMS 0x0000000733000000, 0x0000000732e00000| Complete 
| 408|0x0000000733000000, 0x0000000733200000, 0x0000000733200000|100%|HS|  |TAMS 0x0000000733200000, 0x0000000733000000| Complete 
| 409|0x0000000733200000, 0x0000000733400000, 0x0000000733400000|100%|HS|  |TAMS 0x0000000733400000, 0x0000000733200000| Complete 
| 410|0x0000000733400000, 0x0000000733600000, 0x0000000733600000|100%|HS|  |TAMS 0x0000000733600000, 0x0000000733400000| Complete 
| 411|0x0000000733600000, 0x0000000733800000, 0x0000000733800000|100%|HS|  |TAMS 0x0000000733800000, 0x0000000733600000| Complete 
| 412|0x0000000733800000, 0x0000000733800000, 0x0000000733a00000|  0%| F|  |TAMS 0x0000000733800000, 0x0000000733800000| Untracked 
| 413|0x0000000733a00000, 0x0000000733c00000, 0x0000000733c00000|100%|HS|  |TAMS 0x0000000733c00000, 0x0000000733a00000| Complete 
| 414|0x0000000733c00000, 0x0000000733e00000, 0x0000000733e00000|100%|HC|  |TAMS 0x0000000733e00000, 0x0000000733c00000| Complete 
| 415|0x0000000733e00000, 0x0000000733e00000, 0x0000000734000000|  0%| F|  |TAMS 0x0000000733e00000, 0x0000000733e00000| Untracked 
| 416|0x0000000734000000, 0x0000000734000000, 0x0000000734200000|  0%| F|  |TAMS 0x0000000734000000, 0x0000000734000000| Untracked 
| 417|0x0000000734200000, 0x0000000734200000, 0x0000000734400000|  0%| F|  |TAMS 0x0000000734200000, 0x0000000734200000| Untracked 
| 418|0x0000000734400000, 0x0000000734600000, 0x0000000734600000|100%|HS|  |TAMS 0x0000000734600000, 0x0000000734400000| Complete 
| 419|0x0000000734600000, 0x0000000734800000, 0x0000000734800000|100%|HC|  |TAMS 0x0000000734800000, 0x0000000734600000| Complete 
| 420|0x0000000734800000, 0x0000000734a00000, 0x0000000734a00000|100%|HC|  |TAMS 0x0000000734a00000, 0x0000000734800000| Complete 
| 421|0x0000000734a00000, 0x0000000734a00000, 0x0000000734c00000|  0%| F|  |TAMS 0x0000000734a00000, 0x0000000734a00000| Untracked 
| 422|0x0000000734c00000, 0x0000000734e00000, 0x0000000734e00000|100%|HS|  |TAMS 0x0000000734e00000, 0x0000000734c00000| Complete 
| 423|0x0000000734e00000, 0x0000000735000000, 0x0000000735000000|100%|HC|  |TAMS 0x0000000735000000, 0x0000000734e00000| Complete 
| 424|0x0000000735000000, 0x0000000735200000, 0x0000000735200000|100%|HC|  |TAMS 0x0000000735200000, 0x0000000735000000| Complete 
| 425|0x0000000735200000, 0x0000000735400000, 0x0000000735400000|100%|HC|  |TAMS 0x0000000735400000, 0x0000000735200000| Complete 
| 426|0x0000000735400000, 0x0000000735600000, 0x0000000735600000|100%|HC|  |TAMS 0x0000000735600000, 0x0000000735400000| Complete 
| 427|0x0000000735600000, 0x0000000735800000, 0x0000000735800000|100%|HS|  |TAMS 0x0000000735800000, 0x0000000735600000| Complete 
| 428|0x0000000735800000, 0x0000000735a00000, 0x0000000735a00000|100%|HC|  |TAMS 0x0000000735a00000, 0x0000000735800000| Complete 
| 429|0x0000000735a00000, 0x0000000735c00000, 0x0000000735c00000|100%|HC|  |TAMS 0x0000000735c00000, 0x0000000735a00000| Complete 
| 430|0x0000000735c00000, 0x0000000735e00000, 0x0000000735e00000|100%|HS|  |TAMS 0x0000000735e00000, 0x0000000735c00000| Complete 
| 431|0x0000000735e00000, 0x0000000736000000, 0x0000000736000000|100%|HC|  |TAMS 0x0000000736000000, 0x0000000735e00000| Complete 
| 432|0x0000000736000000, 0x0000000736200000, 0x0000000736200000|100%|HC|  |TAMS 0x0000000736200000, 0x0000000736000000| Complete 
| 433|0x0000000736200000, 0x0000000736400000, 0x0000000736400000|100%|HS|  |TAMS 0x0000000736400000, 0x0000000736200000| Complete 
| 434|0x0000000736400000, 0x0000000736600000, 0x0000000736600000|100%|HC|  |TAMS 0x0000000736600000, 0x0000000736400000| Complete 
| 435|0x0000000736600000, 0x0000000736800000, 0x0000000736800000|100%|HC|  |TAMS 0x0000000736800000, 0x0000000736600000| Complete 
| 436|0x0000000736800000, 0x0000000736a00000, 0x0000000736a00000|100%|HC|  |TAMS 0x0000000736a00000, 0x0000000736800000| Complete 
| 437|0x0000000736a00000, 0x0000000736a00000, 0x0000000736c00000|  0%| F|  |TAMS 0x0000000736a00000, 0x0000000736a00000| Untracked 
| 438|0x0000000736c00000, 0x0000000736c00000, 0x0000000736e00000|  0%| F|  |TAMS 0x0000000736c00000, 0x0000000736c00000| Untracked 
| 439|0x0000000736e00000, 0x0000000736e00000, 0x0000000737000000|  0%| F|  |TAMS 0x0000000736e00000, 0x0000000736e00000| Untracked 
| 440|0x0000000737000000, 0x0000000737000000, 0x0000000737200000|  0%| F|  |TAMS 0x0000000737000000, 0x0000000737000000| Untracked 
| 441|0x0000000737200000, 0x000000073735ba00, 0x0000000737400000| 67%| O|  |TAMS 0x0000000737200000, 0x0000000737200000| Updating 
| 442|0x0000000737400000, 0x0000000737600000, 0x0000000737600000|100%|HS|  |TAMS 0x0000000737600000, 0x0000000737400000| Complete 
| 443|0x0000000737600000, 0x0000000737800000, 0x0000000737800000|100%|HC|  |TAMS 0x0000000737800000, 0x0000000737600000| Complete 
| 444|0x0000000737800000, 0x0000000737a00000, 0x0000000737a00000|100%|HC|  |TAMS 0x0000000737a00000, 0x0000000737800000| Complete 
| 445|0x0000000737a00000, 0x0000000737c00000, 0x0000000737c00000|100%|HC|  |TAMS 0x0000000737c00000, 0x0000000737a00000| Complete 
| 446|0x0000000737c00000, 0x0000000737e00000, 0x0000000737e00000|100%|HC|  |TAMS 0x0000000737e00000, 0x0000000737c00000| Complete 
| 447|0x0000000737e00000, 0x0000000738000000, 0x0000000738000000|100%|HS|  |TAMS 0x0000000738000000, 0x0000000737e00000| Complete 
| 448|0x0000000738000000, 0x0000000738200000, 0x0000000738200000|100%|HS|  |TAMS 0x0000000738200000, 0x0000000738000000| Complete 
| 449|0x0000000738200000, 0x0000000738400000, 0x0000000738400000|100%|HS|  |TAMS 0x0000000738400000, 0x0000000738200000| Complete 
| 450|0x0000000738400000, 0x0000000738600000, 0x0000000738600000|100%|HC|  |TAMS 0x0000000738600000, 0x0000000738400000| Complete 
| 451|0x0000000738600000, 0x0000000738800000, 0x0000000738800000|100%|HC|  |TAMS 0x0000000738800000, 0x0000000738600000| Complete 
| 452|0x0000000738800000, 0x0000000738a00000, 0x0000000738a00000|100%|HS|  |TAMS 0x0000000738a00000, 0x0000000738800000| Complete 
| 453|0x0000000738a00000, 0x0000000738c00000, 0x0000000738c00000|100%|HS|  |TAMS 0x0000000738c00000, 0x0000000738a00000| Complete 
| 454|0x0000000738c00000, 0x0000000738e00000, 0x0000000738e00000|100%|HC|  |TAMS 0x0000000738e00000, 0x0000000738c00000| Complete 
| 455|0x0000000738e00000, 0x0000000739000000, 0x0000000739000000|100%|HC|  |TAMS 0x0000000739000000, 0x0000000738e00000| Complete 
| 456|0x0000000739000000, 0x0000000739200000, 0x0000000739200000|100%|HC|  |TAMS 0x0000000739200000, 0x0000000739000000| Complete 
| 457|0x0000000739200000, 0x0000000739200000, 0x0000000739400000|  0%| F|  |TAMS 0x0000000739200000, 0x0000000739200000| Untracked 
| 458|0x0000000739400000, 0x0000000739400000, 0x0000000739600000|  0%| F|  |TAMS 0x0000000739400000, 0x0000000739400000| Untracked 
| 459|0x0000000739600000, 0x0000000739600000, 0x0000000739800000|  0%| F|  |TAMS 0x0000000739600000, 0x0000000739600000| Untracked 
| 460|0x0000000739800000, 0x0000000739800000, 0x0000000739a00000|  0%| F|  |TAMS 0x0000000739800000, 0x0000000739800000| Untracked 
| 461|0x0000000739a00000, 0x0000000739c00000, 0x0000000739c00000|100%|HS|  |TAMS 0x0000000739c00000, 0x0000000739a00000| Complete 
| 462|0x0000000739c00000, 0x0000000739e00000, 0x0000000739e00000|100%|HS|  |TAMS 0x0000000739e00000, 0x0000000739c00000| Complete 
| 463|0x0000000739e00000, 0x000000073a000000, 0x000000073a000000|100%|HC|  |TAMS 0x000000073a000000, 0x0000000739e00000| Complete 
| 464|0x000000073a000000, 0x000000073a000000, 0x000000073a200000|  0%| F|  |TAMS 0x000000073a000000, 0x000000073a000000| Untracked 
| 465|0x000000073a200000, 0x000000073a400000, 0x000000073a400000|100%|HS|  |TAMS 0x000000073a400000, 0x000000073a200000| Complete 
| 466|0x000000073a400000, 0x000000073a600000, 0x000000073a600000|100%|HS|  |TAMS 0x000000073a400000, 0x000000073a400000| Complete 
| 467|0x000000073a600000, 0x000000073a600000, 0x000000073a800000|  0%| F|  |TAMS 0x000000073a600000, 0x000000073a600000| Untracked 
| 468|0x000000073a800000, 0x000000073a800000, 0x000000073aa00000|  0%| F|  |TAMS 0x000000073a800000, 0x000000073a800000| Untracked 
| 469|0x000000073aa00000, 0x000000073ac00000, 0x000000073ac00000|100%|HS|  |TAMS 0x000000073ac00000, 0x000000073aa00000| Complete 
| 470|0x000000073ac00000, 0x000000073ae00000, 0x000000073ae00000|100%|HS|  |TAMS 0x000000073ae00000, 0x000000073ac00000| Complete 
| 471|0x000000073ae00000, 0x000000073ae00000, 0x000000073b000000|  0%| F|  |TAMS 0x000000073ae00000, 0x000000073ae00000| Untracked 
| 472|0x000000073b000000, 0x000000073b200000, 0x000000073b200000|100%|HS|  |TAMS 0x000000073b200000, 0x000000073b000000| Complete 
| 473|0x000000073b200000, 0x000000073b400000, 0x000000073b400000|100%|HS|  |TAMS 0x000000073b400000, 0x000000073b200000| Complete 
| 474|0x000000073b400000, 0x000000073b400000, 0x000000073b600000|  0%| F|  |TAMS 0x000000073b400000, 0x000000073b400000| Untracked 
| 475|0x000000073b600000, 0x000000073b800000, 0x000000073b800000|100%|HS|  |TAMS 0x000000073b800000, 0x000000073b600000| Complete 
| 476|0x000000073b800000, 0x000000073ba00000, 0x000000073ba00000|100%|HS|  |TAMS 0x000000073ba00000, 0x000000073b800000| Complete 
| 477|0x000000073ba00000, 0x000000073bc00000, 0x000000073bc00000|100%| O|  |TAMS 0x000000073bc00000, 0x000000073ba00000| Untracked 
| 478|0x000000073bc00000, 0x000000073be00000, 0x000000073be00000|100%|HS|  |TAMS 0x000000073be00000, 0x000000073bc00000| Complete 
| 479|0x000000073be00000, 0x000000073c000000, 0x000000073c000000|100%| O|  |TAMS 0x000000073c000000, 0x000000073be00000| Updating 
| 480|0x000000073c000000, 0x000000073c000000, 0x000000073c200000|  0%| F|  |TAMS 0x000000073c000000, 0x000000073c000000| Untracked 
| 481|0x000000073c200000, 0x000000073c400000, 0x000000073c400000|100%|HS|  |TAMS 0x000000073c400000, 0x000000073c200000| Complete 
| 482|0x000000073c400000, 0x000000073c600000, 0x000000073c600000|100%|HC|  |TAMS 0x000000073c600000, 0x000000073c400000| Complete 
| 483|0x000000073c600000, 0x000000073c600000, 0x000000073c800000|  0%| F|  |TAMS 0x000000073c600000, 0x000000073c600000| Untracked 
| 484|0x000000073c800000, 0x000000073c800000, 0x000000073ca00000|  0%| F|  |TAMS 0x000000073c800000, 0x000000073c800000| Untracked 
| 485|0x000000073ca00000, 0x000000073cc00000, 0x000000073cc00000|100%|HS|  |TAMS 0x000000073ca00000, 0x000000073ca00000| Complete 
| 486|0x000000073cc00000, 0x000000073ce00000, 0x000000073ce00000|100%|HC|  |TAMS 0x000000073cc00000, 0x000000073cc00000| Complete 
| 487|0x000000073ce00000, 0x000000073ce00000, 0x000000073d000000|  0%| F|  |TAMS 0x000000073ce00000, 0x000000073ce00000| Untracked 
| 488|0x000000073d000000, 0x000000073d000000, 0x000000073d200000|  0%| F|  |TAMS 0x000000073d000000, 0x000000073d000000| Untracked 
| 489|0x000000073d200000, 0x000000073d200000, 0x000000073d400000|  0%| F|  |TAMS 0x000000073d200000, 0x000000073d200000| Untracked 
| 490|0x000000073d400000, 0x000000073d400000, 0x000000073d600000|  0%| F|  |TAMS 0x000000073d400000, 0x000000073d400000| Untracked 
| 491|0x000000073d600000, 0x000000073d800000, 0x000000073d800000|100%|HS|  |TAMS 0x000000073d600000, 0x000000073d600000| Complete 
| 492|0x000000073d800000, 0x000000073da00000, 0x000000073da00000|100%|HS|  |TAMS 0x000000073da00000, 0x000000073d800000| Complete 
| 493|0x000000073da00000, 0x000000073dc00000, 0x000000073dc00000|100%|HS|  |TAMS 0x000000073dc00000, 0x000000073da00000| Complete 
| 494|0x000000073dc00000, 0x000000073de00000, 0x000000073de00000|100%|HC|  |TAMS 0x000000073de00000, 0x000000073dc00000| Complete 
| 495|0x000000073de00000, 0x000000073e000000, 0x000000073e000000|100%|HC|  |TAMS 0x000000073e000000, 0x000000073de00000| Complete 
| 496|0x000000073e000000, 0x000000073e200000, 0x000000073e200000|100%|HS|  |TAMS 0x000000073e000000, 0x000000073e000000| Complete 
| 497|0x000000073e200000, 0x000000073e400000, 0x000000073e400000|100%|HS|  |TAMS 0x000000073e400000, 0x000000073e200000| Complete 
| 498|0x000000073e400000, 0x000000073e600000, 0x000000073e600000|100%|HC|  |TAMS 0x000000073e600000, 0x000000073e400000| Complete 
| 499|0x000000073e600000, 0x000000073e800000, 0x000000073e800000|100%|HC|  |TAMS 0x000000073e800000, 0x000000073e600000| Complete 
| 500|0x000000073e800000, 0x000000073ea00000, 0x000000073ea00000|100%|HC|  |TAMS 0x000000073ea00000, 0x000000073e800000| Complete 
| 501|0x000000073ea00000, 0x000000073ec00000, 0x000000073ec00000|100%| O|  |TAMS 0x000000073ec00000, 0x000000073ea00000| Updating 
| 502|0x000000073ec00000, 0x000000073ec00000, 0x000000073ee00000|  0%| F|  |TAMS 0x000000073ec00000, 0x000000073ec00000| Untracked 
| 503|0x000000073ee00000, 0x000000073ee00000, 0x000000073f000000|  0%| F|  |TAMS 0x000000073ee00000, 0x000000073ee00000| Untracked 
| 504|0x000000073f000000, 0x000000073f200000, 0x000000073f200000|100%|HS|  |TAMS 0x000000073f200000, 0x000000073f000000| Complete 
| 505|0x000000073f200000, 0x000000073f400000, 0x000000073f400000|100%|HS|  |TAMS 0x000000073f400000, 0x000000073f200000| Complete 
| 506|0x000000073f400000, 0x000000073f600000, 0x000000073f600000|100%|HS|  |TAMS 0x000000073f600000, 0x000000073f400000| Complete 
| 507|0x000000073f600000, 0x000000073f800000, 0x000000073f800000|100%|HS|  |TAMS 0x000000073f800000, 0x000000073f600000| Complete 
| 508|0x000000073f800000, 0x000000073fa00000, 0x000000073fa00000|100%|HC|  |TAMS 0x000000073fa00000, 0x000000073f800000| Complete 
| 509|0x000000073fa00000, 0x000000073fc00000, 0x000000073fc00000|100%|HC|  |TAMS 0x000000073fc00000, 0x000000073fa00000| Complete 
| 510|0x000000073fc00000, 0x000000073fe00000, 0x000000073fe00000|100%|HC|  |TAMS 0x000000073fe00000, 0x000000073fc00000| Complete 
| 511|0x000000073fe00000, 0x0000000740000000, 0x0000000740000000|100%|HS|  |TAMS 0x000000073fe00000, 0x000000073fe00000| Complete 
| 512|0x0000000740000000, 0x0000000740200000, 0x0000000740200000|100%|HC|  |TAMS 0x0000000740000000, 0x0000000740000000| Complete 
| 513|0x0000000740200000, 0x0000000740200000, 0x0000000740400000|  0%| F|  |TAMS 0x0000000740200000, 0x0000000740200000| Untracked 
| 514|0x0000000740400000, 0x0000000740600000, 0x0000000740600000|100%|HS|  |TAMS 0x0000000740600000, 0x0000000740400000| Complete 
| 515|0x0000000740600000, 0x0000000740800000, 0x0000000740800000|100%|HC|  |TAMS 0x0000000740800000, 0x0000000740600000| Complete 
| 516|0x0000000740800000, 0x0000000740a00000, 0x0000000740a00000|100%|HC|  |TAMS 0x0000000740a00000, 0x0000000740800000| Complete 
| 517|0x0000000740a00000, 0x0000000740c00000, 0x0000000740c00000|100%|HC|  |TAMS 0x0000000740c00000, 0x0000000740a00000| Complete 
| 518|0x0000000740c00000, 0x0000000740e00000, 0x0000000740e00000|100%|HC|  |TAMS 0x0000000740e00000, 0x0000000740c00000| Complete 
| 519|0x0000000740e00000, 0x0000000741000000, 0x0000000741000000|100%|HS|  |TAMS 0x0000000741000000, 0x0000000740e00000| Complete 
| 520|0x0000000741000000, 0x0000000741200000, 0x0000000741200000|100%|HC|  |TAMS 0x0000000741200000, 0x0000000741000000| Complete 
| 521|0x0000000741200000, 0x0000000741400000, 0x0000000741400000|100%|HC|  |TAMS 0x0000000741400000, 0x0000000741200000| Complete 
| 522|0x0000000741400000, 0x0000000741600000, 0x0000000741600000|100%|HS|  |TAMS 0x0000000741600000, 0x0000000741400000| Complete 
| 523|0x0000000741600000, 0x0000000741800000, 0x0000000741800000|100%|HS|  |TAMS 0x0000000741800000, 0x0000000741600000| Complete 
| 524|0x0000000741800000, 0x0000000741a00000, 0x0000000741a00000|100%|HS|  |TAMS 0x0000000741a00000, 0x0000000741800000| Complete 
| 525|0x0000000741a00000, 0x0000000741c00000, 0x0000000741c00000|100%|HS|  |TAMS 0x0000000741c00000, 0x0000000741a00000| Complete 
| 526|0x0000000741c00000, 0x0000000741e00000, 0x0000000741e00000|100%|HC|  |TAMS 0x0000000741e00000, 0x0000000741c00000| Complete 
| 527|0x0000000741e00000, 0x0000000742000000, 0x0000000742000000|100%|HC|  |TAMS 0x0000000742000000, 0x0000000741e00000| Complete 
| 528|0x0000000742000000, 0x0000000742200000, 0x0000000742200000|100%|HC|  |TAMS 0x0000000742200000, 0x0000000742000000| Complete 
| 529|0x0000000742200000, 0x0000000742400000, 0x0000000742400000|100%|HS|  |TAMS 0x0000000742400000, 0x0000000742200000| Complete 
| 530|0x0000000742400000, 0x0000000742600000, 0x0000000742600000|100%|HC|  |TAMS 0x0000000742600000, 0x0000000742400000| Complete 
| 531|0x0000000742600000, 0x0000000742800000, 0x0000000742800000|100%|HC|  |TAMS 0x0000000742800000, 0x0000000742600000| Complete 
| 532|0x0000000742800000, 0x0000000742a00000, 0x0000000742a00000|100%|HC|  |TAMS 0x0000000742a00000, 0x0000000742800000| Complete 
| 533|0x0000000742a00000, 0x0000000742c00000, 0x0000000742c00000|100%|HS|  |TAMS 0x0000000742c00000, 0x0000000742a00000| Complete 
| 534|0x0000000742c00000, 0x0000000742e00000, 0x0000000742e00000|100%|HC|  |TAMS 0x0000000742e00000, 0x0000000742c00000| Complete 
| 535|0x0000000742e00000, 0x0000000743000000, 0x0000000743000000|100%|HC|  |TAMS 0x0000000743000000, 0x0000000742e00000| Complete 
| 536|0x0000000743000000, 0x0000000743200000, 0x0000000743200000|100%|HC|  |TAMS 0x0000000743200000, 0x0000000743000000| Complete 
| 537|0x0000000743200000, 0x0000000743400000, 0x0000000743400000|100%|HS|  |TAMS 0x0000000743200000, 0x0000000743200000| Complete 
| 538|0x0000000743400000, 0x0000000743600000, 0x0000000743600000|100%|HS|  |TAMS 0x0000000743600000, 0x0000000743400000| Complete 
| 539|0x0000000743600000, 0x0000000743600000, 0x0000000743800000|  0%| F|  |TAMS 0x0000000743600000, 0x0000000743600000| Untracked 
| 540|0x0000000743800000, 0x0000000743a00000, 0x0000000743a00000|100%|HS|  |TAMS 0x0000000743800000, 0x0000000743800000| Complete 
| 541|0x0000000743a00000, 0x0000000743c00000, 0x0000000743c00000|100%| O|  |TAMS 0x0000000743c00000, 0x0000000743a00000| Untracked 
| 542|0x0000000743c00000, 0x0000000743e00000, 0x0000000743e00000|100%| O|  |TAMS 0x0000000743e00000, 0x0000000743c00000| Untracked 
| 543|0x0000000743e00000, 0x0000000743e00000, 0x0000000744000000|  0%| F|  |TAMS 0x0000000743e00000, 0x0000000743e00000| Untracked 
| 544|0x0000000744000000, 0x0000000744200000, 0x0000000744200000|100%| O|  |TAMS 0x0000000744200000, 0x0000000744000000| Updating 
| 545|0x0000000744200000, 0x0000000744400000, 0x0000000744400000|100%|HS|  |TAMS 0x0000000744400000, 0x0000000744200000| Complete 
| 546|0x0000000744400000, 0x0000000744600000, 0x0000000744600000|100%|HC|  |TAMS 0x0000000744600000, 0x0000000744400000| Complete 
| 547|0x0000000744600000, 0x0000000744800000, 0x0000000744800000|100%|HC|  |TAMS 0x0000000744800000, 0x0000000744600000| Complete 
| 548|0x0000000744800000, 0x0000000744800000, 0x0000000744a00000|  0%| F|  |TAMS 0x0000000744800000, 0x0000000744800000| Untracked 
| 549|0x0000000744a00000, 0x0000000744a00000, 0x0000000744c00000|  0%| F|  |TAMS 0x0000000744a00000, 0x0000000744a00000| Untracked 
| 550|0x0000000744c00000, 0x0000000744c00000, 0x0000000744e00000|  0%| F|  |TAMS 0x0000000744c00000, 0x0000000744c00000| Untracked 
| 551|0x0000000744e00000, 0x0000000744e00000, 0x0000000745000000|  0%| F|  |TAMS 0x0000000744e00000, 0x0000000744e00000| Untracked 
| 552|0x0000000745000000, 0x0000000745000000, 0x0000000745200000|  0%| F|  |TAMS 0x0000000745000000, 0x0000000745000000| Untracked 
| 553|0x0000000745200000, 0x0000000745200000, 0x0000000745400000|  0%| F|  |TAMS 0x0000000745200000, 0x0000000745200000| Untracked 
| 554|0x0000000745400000, 0x0000000745400000, 0x0000000745600000|  0%| F|  |TAMS 0x0000000745400000, 0x0000000745400000| Untracked 
| 555|0x0000000745600000, 0x0000000745600000, 0x0000000745800000|  0%| F|  |TAMS 0x0000000745600000, 0x0000000745600000| Untracked 
| 556|0x0000000745800000, 0x0000000745800000, 0x0000000745a00000|  0%| F|  |TAMS 0x0000000745800000, 0x0000000745800000| Untracked 
| 557|0x0000000745a00000, 0x0000000745a00000, 0x0000000745c00000|  0%| F|  |TAMS 0x0000000745a00000, 0x0000000745a00000| Untracked 
| 558|0x0000000745c00000, 0x0000000745c00000, 0x0000000745e00000|  0%| F|  |TAMS 0x0000000745c00000, 0x0000000745c00000| Untracked 
| 559|0x0000000745e00000, 0x0000000745e00000, 0x0000000746000000|  0%| F|  |TAMS 0x0000000745e00000, 0x0000000745e00000| Untracked 
| 560|0x0000000746000000, 0x0000000746000000, 0x0000000746200000|  0%| F|  |TAMS 0x0000000746000000, 0x0000000746000000| Untracked 
| 561|0x0000000746200000, 0x0000000746200000, 0x0000000746400000|  0%| F|  |TAMS 0x0000000746200000, 0x0000000746200000| Untracked 
| 562|0x0000000746400000, 0x0000000746400000, 0x0000000746600000|  0%| F|  |TAMS 0x0000000746400000, 0x0000000746400000| Untracked 
| 563|0x0000000746600000, 0x0000000746800000, 0x0000000746800000|100%|HS|  |TAMS 0x0000000746800000, 0x0000000746600000| Complete 
| 564|0x0000000746800000, 0x0000000746800000, 0x0000000746a00000|  0%| F|  |TAMS 0x0000000746800000, 0x0000000746800000| Untracked 
| 565|0x0000000746a00000, 0x0000000746c00000, 0x0000000746c00000|100%|HS|  |TAMS 0x0000000746c00000, 0x0000000746a00000| Complete 
| 566|0x0000000746c00000, 0x0000000746e00000, 0x0000000746e00000|100%|HC|  |TAMS 0x0000000746e00000, 0x0000000746c00000| Complete 
| 567|0x0000000746e00000, 0x0000000746e00000, 0x0000000747000000|  0%| F|  |TAMS 0x0000000746e00000, 0x0000000746e00000| Untracked 
| 568|0x0000000747000000, 0x0000000747000000, 0x0000000747200000|  0%| F|  |TAMS 0x0000000747000000, 0x0000000747000000| Untracked 
| 569|0x0000000747200000, 0x0000000747200000, 0x0000000747400000|  0%| F|  |TAMS 0x0000000747200000, 0x0000000747200000| Untracked 
| 570|0x0000000747400000, 0x0000000747400000, 0x0000000747600000|  0%| F|  |TAMS 0x0000000747400000, 0x0000000747400000| Untracked 
| 571|0x0000000747600000, 0x0000000747600000, 0x0000000747800000|  0%| F|  |TAMS 0x0000000747600000, 0x0000000747600000| Untracked 
| 572|0x0000000747800000, 0x0000000747a00000, 0x0000000747a00000|100%|HS|  |TAMS 0x0000000747a00000, 0x0000000747800000| Complete 
| 573|0x0000000747a00000, 0x0000000747c00000, 0x0000000747c00000|100%|HC|  |TAMS 0x0000000747c00000, 0x0000000747a00000| Complete 
| 574|0x0000000747c00000, 0x0000000747e00000, 0x0000000747e00000|100%|HC|  |TAMS 0x0000000747e00000, 0x0000000747c00000| Complete 
| 575|0x0000000747e00000, 0x0000000748000000, 0x0000000748000000|100%|HC|  |TAMS 0x0000000748000000, 0x0000000747e00000| Complete 
| 576|0x0000000748000000, 0x0000000748200000, 0x0000000748200000|100%|HC|  |TAMS 0x0000000748200000, 0x0000000748000000| Complete 
| 577|0x0000000748200000, 0x0000000748200000, 0x0000000748400000|  0%| F|  |TAMS 0x0000000748200000, 0x0000000748200000| Untracked 
| 578|0x0000000748400000, 0x0000000748400000, 0x0000000748600000|  0%| F|  |TAMS 0x0000000748400000, 0x0000000748400000| Untracked 
| 579|0x0000000748600000, 0x0000000748600000, 0x0000000748800000|  0%| F|  |TAMS 0x0000000748600000, 0x0000000748600000| Untracked 
| 580|0x0000000748800000, 0x0000000748800000, 0x0000000748a00000|  0%| F|  |TAMS 0x0000000748800000, 0x0000000748800000| Untracked 
| 581|0x0000000748a00000, 0x0000000748a00000, 0x0000000748c00000|  0%| F|  |TAMS 0x0000000748a00000, 0x0000000748a00000| Untracked 
| 582|0x0000000748c00000, 0x0000000748c00000, 0x0000000748e00000|  0%| F|  |TAMS 0x0000000748c00000, 0x0000000748c00000| Untracked 
| 583|0x0000000748e00000, 0x0000000748e00000, 0x0000000749000000|  0%| F|  |TAMS 0x0000000748e00000, 0x0000000748e00000| Untracked 
| 584|0x0000000749000000, 0x0000000749000000, 0x0000000749200000|  0%| F|  |TAMS 0x0000000749000000, 0x0000000749000000| Untracked 
| 585|0x0000000749200000, 0x0000000749200000, 0x0000000749400000|  0%| F|  |TAMS 0x0000000749200000, 0x0000000749200000| Untracked 
| 586|0x0000000749400000, 0x0000000749400000, 0x0000000749600000|  0%| F|  |TAMS 0x0000000749400000, 0x0000000749400000| Untracked 
| 587|0x0000000749600000, 0x0000000749600000, 0x0000000749800000|  0%| F|  |TAMS 0x0000000749600000, 0x0000000749600000| Untracked 
| 588|0x0000000749800000, 0x0000000749800000, 0x0000000749a00000|  0%| F|  |TAMS 0x0000000749800000, 0x0000000749800000| Untracked 
| 589|0x0000000749a00000, 0x0000000749a00000, 0x0000000749c00000|  0%| F|  |TAMS 0x0000000749a00000, 0x0000000749a00000| Untracked 
| 590|0x0000000749c00000, 0x0000000749c00000, 0x0000000749e00000|  0%| F|  |TAMS 0x0000000749c00000, 0x0000000749c00000| Untracked 
| 591|0x0000000749e00000, 0x0000000749e00000, 0x000000074a000000|  0%| F|  |TAMS 0x0000000749e00000, 0x0000000749e00000| Untracked 
| 592|0x000000074a000000, 0x000000074a200000, 0x000000074a200000|100%|HS|  |TAMS 0x000000074a200000, 0x000000074a000000| Complete 
| 593|0x000000074a200000, 0x000000074a400000, 0x000000074a400000|100%|HC|  |TAMS 0x000000074a400000, 0x000000074a200000| Complete 
| 594|0x000000074a400000, 0x000000074a600000, 0x000000074a600000|100%|HC|  |TAMS 0x000000074a600000, 0x000000074a400000| Complete 
| 595|0x000000074a600000, 0x000000074a800000, 0x000000074a800000|100%|HS|  |TAMS 0x000000074a800000, 0x000000074a600000| Complete 
| 596|0x000000074a800000, 0x000000074aa00000, 0x000000074aa00000|100%|HC|  |TAMS 0x000000074aa00000, 0x000000074a800000| Complete 
| 597|0x000000074aa00000, 0x000000074ac00000, 0x000000074ac00000|100%|HC|  |TAMS 0x000000074ac00000, 0x000000074aa00000| Complete 
| 598|0x000000074ac00000, 0x000000074ac00000, 0x000000074ae00000|  0%| F|  |TAMS 0x000000074ac00000, 0x000000074ac00000| Untracked 
| 599|0x000000074ae00000, 0x000000074ae00000, 0x000000074b000000|  0%| F|  |TAMS 0x000000074ae00000, 0x000000074ae00000| Untracked 
| 600|0x000000074b000000, 0x000000074b000000, 0x000000074b200000|  0%| F|  |TAMS 0x000000074b000000, 0x000000074b000000| Untracked 
| 601|0x000000074b200000, 0x000000074b400000, 0x000000074b400000|100%|HS|  |TAMS 0x000000074b400000, 0x000000074b200000| Complete 
| 602|0x000000074b400000, 0x000000074b600000, 0x000000074b600000|100%|HC|  |TAMS 0x000000074b600000, 0x000000074b400000| Complete 
| 603|0x000000074b600000, 0x000000074b800000, 0x000000074b800000|100%|HC|  |TAMS 0x000000074b800000, 0x000000074b600000| Complete 
| 604|0x000000074b800000, 0x000000074b800000, 0x000000074ba00000|  0%| F|  |TAMS 0x000000074b800000, 0x000000074b800000| Untracked 
| 605|0x000000074ba00000, 0x000000074ba00000, 0x000000074bc00000|  0%| F|  |TAMS 0x000000074ba00000, 0x000000074ba00000| Untracked 
| 606|0x000000074bc00000, 0x000000074bc00000, 0x000000074be00000|  0%| F|  |TAMS 0x000000074bc00000, 0x000000074bc00000| Untracked 
| 607|0x000000074be00000, 0x000000074be00000, 0x000000074c000000|  0%| F|  |TAMS 0x000000074be00000, 0x000000074be00000| Untracked 
| 608|0x000000074c000000, 0x000000074c000000, 0x000000074c200000|  0%| F|  |TAMS 0x000000074c000000, 0x000000074c000000| Untracked 
| 609|0x000000074c200000, 0x000000074c200000, 0x000000074c400000|  0%| F|  |TAMS 0x000000074c200000, 0x000000074c200000| Untracked 
| 610|0x000000074c400000, 0x000000074c400000, 0x000000074c600000|  0%| F|  |TAMS 0x000000074c400000, 0x000000074c400000| Untracked 
| 611|0x000000074c600000, 0x000000074c600000, 0x000000074c800000|  0%| F|  |TAMS 0x000000074c600000, 0x000000074c600000| Untracked 
| 612|0x000000074c800000, 0x000000074c800000, 0x000000074ca00000|  0%| F|  |TAMS 0x000000074c800000, 0x000000074c800000| Untracked 
| 613|0x000000074ca00000, 0x000000074ca00000, 0x000000074cc00000|  0%| F|  |TAMS 0x000000074ca00000, 0x000000074ca00000| Untracked 
| 614|0x000000074cc00000, 0x000000074ce00000, 0x000000074ce00000|100%|HS|  |TAMS 0x000000074ce00000, 0x000000074cc00000| Complete 
| 615|0x000000074ce00000, 0x000000074d000000, 0x000000074d000000|100%|HC|  |TAMS 0x000000074d000000, 0x000000074ce00000| Complete 
| 616|0x000000074d000000, 0x000000074d200000, 0x000000074d200000|100%|HC|  |TAMS 0x000000074d200000, 0x000000074d000000| Complete 
| 617|0x000000074d200000, 0x000000074d400000, 0x000000074d400000|100%|HC|  |TAMS 0x000000074d400000, 0x000000074d200000| Complete 
| 618|0x000000074d400000, 0x000000074d600000, 0x000000074d600000|100%|HC|  |TAMS 0x000000074d600000, 0x000000074d400000| Complete 
| 619|0x000000074d600000, 0x000000074d600000, 0x000000074d800000|  0%| F|  |TAMS 0x000000074d600000, 0x000000074d600000| Untracked 
| 620|0x000000074d800000, 0x000000074d800000, 0x000000074da00000|  0%| F|  |TAMS 0x000000074d800000, 0x000000074d800000| Untracked 
| 621|0x000000074da00000, 0x000000074da00000, 0x000000074dc00000|  0%| F|  |TAMS 0x000000074da00000, 0x000000074da00000| Untracked 
| 622|0x000000074dc00000, 0x000000074dc00000, 0x000000074de00000|  0%| F|  |TAMS 0x000000074dc00000, 0x000000074dc00000| Untracked 
| 623|0x000000074de00000, 0x000000074de00000, 0x000000074e000000|  0%| F|  |TAMS 0x000000074de00000, 0x000000074de00000| Untracked 
| 624|0x000000074e000000, 0x000000074e200000, 0x000000074e200000|100%|HS|  |TAMS 0x000000074e200000, 0x000000074e000000| Complete 
| 625|0x000000074e200000, 0x000000074e400000, 0x000000074e400000|100%|HC|  |TAMS 0x000000074e400000, 0x000000074e200000| Complete 
| 626|0x000000074e400000, 0x000000074e600000, 0x000000074e600000|100%|HC|  |TAMS 0x000000074e600000, 0x000000074e400000| Complete 
| 627|0x000000074e600000, 0x000000074e800000, 0x000000074e800000|100%|HC|  |TAMS 0x000000074e800000, 0x000000074e600000| Complete 
| 628|0x000000074e800000, 0x000000074ea00000, 0x000000074ea00000|100%|HC|  |TAMS 0x000000074ea00000, 0x000000074e800000| Complete 
| 629|0x000000074ea00000, 0x000000074ec00000, 0x000000074ec00000|100%|HC|  |TAMS 0x000000074ec00000, 0x000000074ea00000| Complete 
| 630|0x000000074ec00000, 0x000000074ee00000, 0x000000074ee00000|100%|HC|  |TAMS 0x000000074ee00000, 0x000000074ec00000| Complete 
| 631|0x000000074ee00000, 0x000000074f000000, 0x000000074f000000|100%|HC|  |TAMS 0x000000074f000000, 0x000000074ee00000| Complete 
| 632|0x000000074f000000, 0x000000074f200000, 0x000000074f200000|100%|HC|  |TAMS 0x000000074f200000, 0x000000074f000000| Complete 
| 633|0x000000074f200000, 0x000000074f400000, 0x000000074f400000|100%|HC|  |TAMS 0x000000074f400000, 0x000000074f200000| Complete 
| 634|0x000000074f400000, 0x000000074f600000, 0x000000074f600000|100%|HC|  |TAMS 0x000000074f600000, 0x000000074f400000| Complete 
| 635|0x000000074f600000, 0x000000074f800000, 0x000000074f800000|100%|HC|  |TAMS 0x000000074f800000, 0x000000074f600000| Complete 
| 636|0x000000074f800000, 0x000000074fa00000, 0x000000074fa00000|100%|HC|  |TAMS 0x000000074fa00000, 0x000000074f800000| Complete 
| 637|0x000000074fa00000, 0x000000074fc00000, 0x000000074fc00000|100%|HC|  |TAMS 0x000000074fc00000, 0x000000074fa00000| Complete 
| 638|0x000000074fc00000, 0x000000074fe00000, 0x000000074fe00000|100%|HS|  |TAMS 0x000000074fe00000, 0x000000074fc00000| Complete 
| 639|0x000000074fe00000, 0x0000000750000000, 0x0000000750000000|100%|HC|  |TAMS 0x0000000750000000, 0x000000074fe00000| Complete 
| 640|0x0000000750000000, 0x0000000750200000, 0x0000000750200000|100%|HC|  |TAMS 0x0000000750200000, 0x0000000750000000| Complete 
| 641|0x0000000750200000, 0x0000000750400000, 0x0000000750400000|100%|HS|  |TAMS 0x0000000750400000, 0x0000000750200000| Complete 
| 642|0x0000000750400000, 0x0000000750600000, 0x0000000750600000|100%|HC|  |TAMS 0x0000000750600000, 0x0000000750400000| Complete 
| 643|0x0000000750600000, 0x0000000750800000, 0x0000000750800000|100%|HC|  |TAMS 0x0000000750800000, 0x0000000750600000| Complete 
| 644|0x0000000750800000, 0x0000000750a00000, 0x0000000750a00000|100%|HC|  |TAMS 0x0000000750a00000, 0x0000000750800000| Complete 
| 645|0x0000000750a00000, 0x0000000750a00000, 0x0000000750c00000|  0%| F|  |TAMS 0x0000000750a00000, 0x0000000750a00000| Untracked 
| 646|0x0000000750c00000, 0x0000000750c00000, 0x0000000750e00000|  0%| F|  |TAMS 0x0000000750c00000, 0x0000000750c00000| Untracked 
| 647|0x0000000750e00000, 0x0000000750e00000, 0x0000000751000000|  0%| F|  |TAMS 0x0000000750e00000, 0x0000000750e00000| Untracked 
| 648|0x0000000751000000, 0x0000000751000000, 0x0000000751200000|  0%| F|  |TAMS 0x0000000751000000, 0x0000000751000000| Untracked 
| 649|0x0000000751200000, 0x0000000751200000, 0x0000000751400000|  0%| F|  |TAMS 0x0000000751200000, 0x0000000751200000| Untracked 
| 650|0x0000000751400000, 0x0000000751400000, 0x0000000751600000|  0%| F|  |TAMS 0x0000000751400000, 0x0000000751400000| Untracked 
| 651|0x0000000751600000, 0x0000000751600000, 0x0000000751800000|  0%| F|  |TAMS 0x0000000751600000, 0x0000000751600000| Untracked 
| 652|0x0000000751800000, 0x0000000751800000, 0x0000000751a00000|  0%| F|  |TAMS 0x0000000751800000, 0x0000000751800000| Untracked 
| 653|0x0000000751a00000, 0x0000000751a00000, 0x0000000751c00000|  0%| F|  |TAMS 0x0000000751a00000, 0x0000000751a00000| Untracked 
| 654|0x0000000751c00000, 0x0000000751c00000, 0x0000000751e00000|  0%| F|  |TAMS 0x0000000751c00000, 0x0000000751c00000| Untracked 
| 655|0x0000000751e00000, 0x0000000751e00000, 0x0000000752000000|  0%| F|  |TAMS 0x0000000751e00000, 0x0000000751e00000| Untracked 
| 656|0x0000000752000000, 0x0000000752000000, 0x0000000752200000|  0%| F|  |TAMS 0x0000000752000000, 0x0000000752000000| Untracked 
| 657|0x0000000752200000, 0x0000000752200000, 0x0000000752400000|  0%| F|  |TAMS 0x0000000752200000, 0x0000000752200000| Untracked 
| 658|0x0000000752400000, 0x0000000752400000, 0x0000000752600000|  0%| F|  |TAMS 0x0000000752400000, 0x0000000752400000| Untracked 
| 659|0x0000000752600000, 0x0000000752800000, 0x0000000752800000|100%|HS|  |TAMS 0x0000000752800000, 0x0000000752600000| Complete 
| 660|0x0000000752800000, 0x0000000752a00000, 0x0000000752a00000|100%|HC|  |TAMS 0x0000000752a00000, 0x0000000752800000| Complete 
| 661|0x0000000752a00000, 0x0000000752c00000, 0x0000000752c00000|100%|HC|  |TAMS 0x0000000752c00000, 0x0000000752a00000| Complete 
| 662|0x0000000752c00000, 0x0000000752e00000, 0x0000000752e00000|100%|HC|  |TAMS 0x0000000752e00000, 0x0000000752c00000| Complete 
| 663|0x0000000752e00000, 0x0000000753000000, 0x0000000753000000|100%|HC|  |TAMS 0x0000000753000000, 0x0000000752e00000| Complete 
| 664|0x0000000753000000, 0x0000000753200000, 0x0000000753200000|100%|HC|  |TAMS 0x0000000753200000, 0x0000000753000000| Complete 
| 665|0x0000000753200000, 0x0000000753400000, 0x0000000753400000|100%|HC|  |TAMS 0x0000000753400000, 0x0000000753200000| Complete 
| 666|0x0000000753400000, 0x0000000753600000, 0x0000000753600000|100%|HC|  |TAMS 0x0000000753600000, 0x0000000753400000| Complete 
| 667|0x0000000753600000, 0x0000000753800000, 0x0000000753800000|100%|HC|  |TAMS 0x0000000753800000, 0x0000000753600000| Complete 
| 668|0x0000000753800000, 0x0000000753a00000, 0x0000000753a00000|100%|HC|  |TAMS 0x0000000753a00000, 0x0000000753800000| Complete 
| 669|0x0000000753a00000, 0x0000000753c00000, 0x0000000753c00000|100%|HC|  |TAMS 0x0000000753c00000, 0x0000000753a00000| Complete 
| 670|0x0000000753c00000, 0x0000000753e00000, 0x0000000753e00000|100%|HC|  |TAMS 0x0000000753e00000, 0x0000000753c00000| Complete 
| 671|0x0000000753e00000, 0x0000000754000000, 0x0000000754000000|100%|HC|  |TAMS 0x0000000754000000, 0x0000000753e00000| Complete 
| 672|0x0000000754000000, 0x0000000754200000, 0x0000000754200000|100%|HC|  |TAMS 0x0000000754200000, 0x0000000754000000| Complete 
| 673|0x0000000754200000, 0x0000000754400000, 0x0000000754400000|100%|HS|  |TAMS 0x0000000754400000, 0x0000000754200000| Complete 
| 674|0x0000000754400000, 0x0000000754600000, 0x0000000754600000|100%|HC|  |TAMS 0x0000000754600000, 0x0000000754400000| Complete 
| 675|0x0000000754600000, 0x0000000754800000, 0x0000000754800000|100%|HC|  |TAMS 0x0000000754800000, 0x0000000754600000| Complete 
| 676|0x0000000754800000, 0x0000000754a00000, 0x0000000754a00000|100%|HC|  |TAMS 0x0000000754a00000, 0x0000000754800000| Complete 
| 677|0x0000000754a00000, 0x0000000754c00000, 0x0000000754c00000|100%|HC|  |TAMS 0x0000000754c00000, 0x0000000754a00000| Complete 
| 678|0x0000000754c00000, 0x0000000754e00000, 0x0000000754e00000|100%|HC|  |TAMS 0x0000000754e00000, 0x0000000754c00000| Complete 
| 679|0x0000000754e00000, 0x0000000755000000, 0x0000000755000000|100%|HC|  |TAMS 0x0000000755000000, 0x0000000754e00000| Complete 
| 680|0x0000000755000000, 0x0000000755200000, 0x0000000755200000|100%|HC|  |TAMS 0x0000000755200000, 0x0000000755000000| Complete 
| 681|0x0000000755200000, 0x0000000755400000, 0x0000000755400000|100%|HC|  |TAMS 0x0000000755400000, 0x0000000755200000| Complete 
| 682|0x0000000755400000, 0x0000000755600000, 0x0000000755600000|100%|HC|  |TAMS 0x0000000755600000, 0x0000000755400000| Complete 
| 683|0x0000000755600000, 0x0000000755800000, 0x0000000755800000|100%|HC|  |TAMS 0x0000000755800000, 0x0000000755600000| Complete 
| 684|0x0000000755800000, 0x0000000755a00000, 0x0000000755a00000|100%|HC|  |TAMS 0x0000000755a00000, 0x0000000755800000| Complete 
| 685|0x0000000755a00000, 0x0000000755c00000, 0x0000000755c00000|100%|HC|  |TAMS 0x0000000755c00000, 0x0000000755a00000| Complete 
| 686|0x0000000755c00000, 0x0000000755e00000, 0x0000000755e00000|100%|HC|  |TAMS 0x0000000755e00000, 0x0000000755c00000| Complete 
| 687|0x0000000755e00000, 0x0000000756000000, 0x0000000756000000|100%|HC|  |TAMS 0x0000000756000000, 0x0000000755e00000| Complete 
| 688|0x0000000756000000, 0x0000000756200000, 0x0000000756200000|100%|HS|  |TAMS 0x0000000756200000, 0x0000000756000000| Complete 
| 689|0x0000000756200000, 0x0000000756400000, 0x0000000756400000|100%|HS|  |TAMS 0x0000000756400000, 0x0000000756200000| Complete 
| 690|0x0000000756400000, 0x0000000756600000, 0x0000000756600000|100%|HC|  |TAMS 0x0000000756600000, 0x0000000756400000| Complete 
| 691|0x0000000756600000, 0x0000000756800000, 0x0000000756800000|100%|HC|  |TAMS 0x0000000756800000, 0x0000000756600000| Complete 
| 692|0x0000000756800000, 0x0000000756a00000, 0x0000000756a00000|100%|HS|  |TAMS 0x0000000756a00000, 0x0000000756800000| Complete 
| 693|0x0000000756a00000, 0x0000000756c00000, 0x0000000756c00000|100%|HC|  |TAMS 0x0000000756c00000, 0x0000000756a00000| Complete 
| 694|0x0000000756c00000, 0x0000000756e00000, 0x0000000756e00000|100%|HS|  |TAMS 0x0000000756c00000, 0x0000000756c00000| Complete 
| 695|0x0000000756e00000, 0x0000000757000000, 0x0000000757000000|100%|HC|  |TAMS 0x0000000756e00000, 0x0000000756e00000| Complete 
| 696|0x0000000757000000, 0x0000000757200000, 0x0000000757200000|100%|HC|  |TAMS 0x0000000757000000, 0x0000000757000000| Complete 
| 697|0x0000000757200000, 0x0000000757400000, 0x0000000757400000|100%|HS|  |TAMS 0x0000000757200000, 0x0000000757200000| Complete 
| 698|0x0000000757400000, 0x0000000757600000, 0x0000000757600000|100%|HC|  |TAMS 0x0000000757400000, 0x0000000757400000| Complete 
| 699|0x0000000757600000, 0x0000000757800000, 0x0000000757800000|100%|HC|  |TAMS 0x0000000757600000, 0x0000000757600000| Complete 
| 700|0x0000000757800000, 0x0000000757a00000, 0x0000000757a00000|100%|HC|  |TAMS 0x0000000757800000, 0x0000000757800000| Complete 
| 701|0x0000000757a00000, 0x0000000757c00000, 0x0000000757c00000|100%|HS|  |TAMS 0x0000000757a00000, 0x0000000757a00000| Complete 
| 702|0x0000000757c00000, 0x0000000757e00000, 0x0000000757e00000|100%|HC|  |TAMS 0x0000000757c00000, 0x0000000757c00000| Complete 
| 703|0x0000000757e00000, 0x0000000758000000, 0x0000000758000000|100%|HC|  |TAMS 0x0000000757e00000, 0x0000000757e00000| Complete 
| 704|0x0000000758000000, 0x0000000758200000, 0x0000000758200000|100%|HC|  |TAMS 0x0000000758000000, 0x0000000758000000| Complete 
| 705|0x0000000758200000, 0x0000000758400000, 0x0000000758400000|100%|HS|  |TAMS 0x0000000758200000, 0x0000000758200000| Complete 
| 706|0x0000000758400000, 0x0000000758600000, 0x0000000758600000|100%|HS|  |TAMS 0x0000000758400000, 0x0000000758400000| Complete 
| 707|0x0000000758600000, 0x0000000758800000, 0x0000000758800000|100%|HS|  |TAMS 0x0000000758600000, 0x0000000758600000| Complete 
| 708|0x0000000758800000, 0x0000000758a00000, 0x0000000758a00000|100%|HC|  |TAMS 0x0000000758800000, 0x0000000758800000| Complete 
| 709|0x0000000758a00000, 0x0000000758c00000, 0x0000000758c00000|100%|HC|  |TAMS 0x0000000758a00000, 0x0000000758a00000| Complete 
| 710|0x0000000758c00000, 0x0000000758e00000, 0x0000000758e00000|100%|HC|  |TAMS 0x0000000758c00000, 0x0000000758c00000| Complete 
| 711|0x0000000758e00000, 0x0000000758e00000, 0x0000000759000000|  0%| F|  |TAMS 0x0000000758e00000, 0x0000000758e00000| Untracked 
| 712|0x0000000759000000, 0x0000000759200000, 0x0000000759200000|100%|HS|  |TAMS 0x0000000759200000, 0x0000000759000000| Complete 
| 713|0x0000000759200000, 0x0000000759400000, 0x0000000759400000|100%|HC|  |TAMS 0x0000000759400000, 0x0000000759200000| Complete 
| 714|0x0000000759400000, 0x0000000759600000, 0x0000000759600000|100%|HC|  |TAMS 0x0000000759600000, 0x0000000759400000| Complete 
| 715|0x0000000759600000, 0x0000000759800000, 0x0000000759800000|100%|HS|  |TAMS 0x0000000759800000, 0x0000000759600000| Complete 
| 716|0x0000000759800000, 0x0000000759a00000, 0x0000000759a00000|100%|HC|  |TAMS 0x0000000759a00000, 0x0000000759800000| Complete 
| 717|0x0000000759a00000, 0x0000000759c00000, 0x0000000759c00000|100%|HC|  |TAMS 0x0000000759c00000, 0x0000000759a00000| Complete 
| 718|0x0000000759c00000, 0x0000000759e00000, 0x0000000759e00000|100%|HC|  |TAMS 0x0000000759e00000, 0x0000000759c00000| Complete 
| 719|0x0000000759e00000, 0x0000000759e00000, 0x000000075a000000|  0%| F|  |TAMS 0x0000000759e00000, 0x0000000759e00000| Untracked 
| 720|0x000000075a000000, 0x000000075a000000, 0x000000075a200000|  0%| F|  |TAMS 0x000000075a000000, 0x000000075a000000| Untracked 
| 721|0x000000075a200000, 0x000000075a400000, 0x000000075a400000|100%| O|  |TAMS 0x000000075a400000, 0x000000075a200000| Untracked 
| 722|0x000000075a400000, 0x000000075a600000, 0x000000075a600000|100%|HS|  |TAMS 0x000000075a600000, 0x000000075a400000| Complete 
| 723|0x000000075a600000, 0x000000075a800000, 0x000000075a800000|100%|HS|  |TAMS 0x000000075a800000, 0x000000075a600000| Complete 
| 724|0x000000075a800000, 0x000000075aa00000, 0x000000075aa00000|100%|HC|  |TAMS 0x000000075aa00000, 0x000000075a800000| Complete 
| 725|0x000000075aa00000, 0x000000075ac00000, 0x000000075ac00000|100%| O|  |TAMS 0x000000075ac00000, 0x000000075aa00000| Updating 
| 726|0x000000075ac00000, 0x000000075ae00000, 0x000000075ae00000|100%|HS|  |TAMS 0x000000075ae00000, 0x000000075ac00000| Complete 
| 727|0x000000075ae00000, 0x000000075ae00000, 0x000000075b000000|  0%| F|  |TAMS 0x000000075ae00000, 0x000000075ae00000| Untracked 
| 728|0x000000075b000000, 0x000000075b000000, 0x000000075b200000|  0%| F|  |TAMS 0x000000075b000000, 0x000000075b000000| Untracked 
| 729|0x000000075b200000, 0x000000075b200000, 0x000000075b400000|  0%| F|  |TAMS 0x000000075b200000, 0x000000075b200000| Untracked 
| 730|0x000000075b400000, 0x000000075b400000, 0x000000075b600000|  0%| F|  |TAMS 0x000000075b400000, 0x000000075b400000| Untracked 
| 731|0x000000075b600000, 0x000000075b600000, 0x000000075b800000|  0%| F|  |TAMS 0x000000075b600000, 0x000000075b600000| Untracked 
| 732|0x000000075b800000, 0x000000075b800000, 0x000000075ba00000|  0%| F|  |TAMS 0x000000075b800000, 0x000000075b800000| Untracked 
| 733|0x000000075ba00000, 0x000000075ba00000, 0x000000075bc00000|  0%| F|  |TAMS 0x000000075ba00000, 0x000000075ba00000| Untracked 
| 734|0x000000075bc00000, 0x000000075be00000, 0x000000075be00000|100%|HS|  |TAMS 0x000000075bc00000, 0x000000075bc00000| Complete 
| 735|0x000000075be00000, 0x000000075c000000, 0x000000075c000000|100%|HC|  |TAMS 0x000000075be00000, 0x000000075be00000| Complete 
| 736|0x000000075c000000, 0x000000075c200000, 0x000000075c200000|100%|HC|  |TAMS 0x000000075c000000, 0x000000075c000000| Complete 
| 737|0x000000075c200000, 0x000000075c400000, 0x000000075c400000|100%|HC|  |TAMS 0x000000075c200000, 0x000000075c200000| Complete 
| 738|0x000000075c400000, 0x000000075c600000, 0x000000075c600000|100%|HC|  |TAMS 0x000000075c400000, 0x000000075c400000| Complete 
| 739|0x000000075c600000, 0x000000075c800000, 0x000000075c800000|100%|HC|  |TAMS 0x000000075c600000, 0x000000075c600000| Complete 
| 740|0x000000075c800000, 0x000000075ca00000, 0x000000075ca00000|100%|HC|  |TAMS 0x000000075c800000, 0x000000075c800000| Complete 
| 741|0x000000075ca00000, 0x000000075cc00000, 0x000000075cc00000|100%|HC|  |TAMS 0x000000075ca00000, 0x000000075ca00000| Complete 
| 742|0x000000075cc00000, 0x000000075ce00000, 0x000000075ce00000|100%|HC|  |TAMS 0x000000075cc00000, 0x000000075cc00000| Complete 
| 743|0x000000075ce00000, 0x000000075d000000, 0x000000075d000000|100%|HC|  |TAMS 0x000000075ce00000, 0x000000075ce00000| Complete 
| 744|0x000000075d000000, 0x000000075d200000, 0x000000075d200000|100%|HC|  |TAMS 0x000000075d000000, 0x000000075d000000| Complete 
| 745|0x000000075d200000, 0x000000075d400000, 0x000000075d400000|100%|HS|  |TAMS 0x000000075d200000, 0x000000075d200000| Complete 
| 746|0x000000075d400000, 0x000000075d600000, 0x000000075d600000|100%|HC|  |TAMS 0x000000075d400000, 0x000000075d400000| Complete 
| 747|0x000000075d600000, 0x000000075d800000, 0x000000075d800000|100%|HC|  |TAMS 0x000000075d600000, 0x000000075d600000| Complete 
| 748|0x000000075d800000, 0x000000075da00000, 0x000000075da00000|100%|HC|  |TAMS 0x000000075d800000, 0x000000075d800000| Complete 
| 749|0x000000075da00000, 0x000000075dc00000, 0x000000075dc00000|100%|HS|  |TAMS 0x000000075dc00000, 0x000000075da00000| Complete 
| 750|0x000000075dc00000, 0x000000075de00000, 0x000000075de00000|100%|HS|  |TAMS 0x000000075de00000, 0x000000075dc00000| Complete 
| 751|0x000000075de00000, 0x000000075e000000, 0x000000075e000000|100%|HC|  |TAMS 0x000000075e000000, 0x000000075de00000| Complete 
| 752|0x000000075e000000, 0x000000075e200000, 0x000000075e200000|100%|HC|  |TAMS 0x000000075e200000, 0x000000075e000000| Complete 
| 753|0x000000075e200000, 0x000000075e400000, 0x000000075e400000|100%|HS|  |TAMS 0x000000075e400000, 0x000000075e200000| Complete 
| 754|0x000000075e400000, 0x000000075e600000, 0x000000075e600000|100%|HC|  |TAMS 0x000000075e600000, 0x000000075e400000| Complete 
| 755|0x000000075e600000, 0x000000075e800000, 0x000000075e800000|100%|HC|  |TAMS 0x000000075e800000, 0x000000075e600000| Complete 
| 756|0x000000075e800000, 0x000000075ea00000, 0x000000075ea00000|100%| O|  |TAMS 0x000000075ea00000, 0x000000075e800000| Updating 
| 757|0x000000075ea00000, 0x000000075ec00000, 0x000000075ec00000|100%| O|  |TAMS 0x000000075ec00000, 0x000000075ea00000| Updating 
| 758|0x000000075ec00000, 0x000000075ee00000, 0x000000075ee00000|100%| O|  |TAMS 0x000000075ee00000, 0x000000075ec00000| Updating 
| 759|0x000000075ee00000, 0x000000075f000000, 0x000000075f000000|100%| O|  |TAMS 0x000000075f000000, 0x000000075ee00000| Updating 
| 760|0x000000075f000000, 0x000000075f200000, 0x000000075f200000|100%| O|  |TAMS 0x000000075f200000, 0x000000075f000000| Updating 
| 761|0x000000075f200000, 0x000000075f400000, 0x000000075f400000|100%| O|  |TAMS 0x000000075f400000, 0x000000075f200000| Updating 
| 762|0x000000075f400000, 0x000000075f600000, 0x000000075f600000|100%| O|  |TAMS 0x000000075f600000, 0x000000075f400000| Updating 
| 763|0x000000075f600000, 0x000000075f800000, 0x000000075f800000|100%| O|  |TAMS 0x000000075f800000, 0x000000075f600000| Updating 
| 764|0x000000075f800000, 0x000000075fa00000, 0x000000075fa00000|100%| O|  |TAMS 0x000000075fa00000, 0x000000075f800000| Updating 
| 765|0x000000075fa00000, 0x000000075fc00000, 0x000000075fc00000|100%| O|  |TAMS 0x000000075fc00000, 0x000000075fa00000| Updating 
| 766|0x000000075fc00000, 0x000000075fe00000, 0x000000075fe00000|100%| O|  |TAMS 0x000000075fe00000, 0x000000075fc00000| Updating 
| 767|0x000000075fe00000, 0x0000000760000000, 0x0000000760000000|100%| O|  |TAMS 0x0000000760000000, 0x000000075fe00000| Updating 
| 768|0x0000000760000000, 0x0000000760200000, 0x0000000760200000|100%| O|  |TAMS 0x0000000760200000, 0x0000000760000000| Updating 
| 769|0x0000000760200000, 0x0000000760400000, 0x0000000760400000|100%| O|  |TAMS 0x0000000760400000, 0x0000000760200000| Updating 
| 770|0x0000000760400000, 0x0000000760600000, 0x0000000760600000|100%| O|  |TAMS 0x0000000760600000, 0x0000000760400000| Updating 
| 771|0x0000000760600000, 0x0000000760600000, 0x0000000760800000|  0%| F|  |TAMS 0x0000000760600000, 0x0000000760600000| Untracked 
| 772|0x0000000760800000, 0x0000000760a00000, 0x0000000760a00000|100%| O|  |TAMS 0x0000000760a00000, 0x0000000760800000| Updating 
| 773|0x0000000760a00000, 0x0000000760c00000, 0x0000000760c00000|100%| O|  |TAMS 0x0000000760c00000, 0x0000000760a00000| Updating 
| 774|0x0000000760c00000, 0x0000000760e00000, 0x0000000760e00000|100%| O|  |TAMS 0x0000000760e00000, 0x0000000760c00000| Updating 
| 775|0x0000000760e00000, 0x0000000761000000, 0x0000000761000000|100%| O|  |TAMS 0x0000000761000000, 0x0000000760e00000| Updating 
| 776|0x0000000761000000, 0x0000000761200000, 0x0000000761200000|100%| O|  |TAMS 0x0000000761200000, 0x0000000761000000| Updating 
| 777|0x0000000761200000, 0x0000000761400000, 0x0000000761400000|100%| O|  |TAMS 0x0000000761400000, 0x0000000761200000| Updating 
| 778|0x0000000761400000, 0x0000000761600000, 0x0000000761600000|100%|HS|  |TAMS 0x0000000761600000, 0x0000000761400000| Complete 
| 779|0x0000000761600000, 0x0000000761800000, 0x0000000761800000|100%|HC|  |TAMS 0x0000000761800000, 0x0000000761600000| Complete 
| 780|0x0000000761800000, 0x0000000761a00000, 0x0000000761a00000|100%|HC|  |TAMS 0x0000000761a00000, 0x0000000761800000| Complete 
| 781|0x0000000761a00000, 0x0000000761c00000, 0x0000000761c00000|100%|HC|  |TAMS 0x0000000761c00000, 0x0000000761a00000| Complete 
| 782|0x0000000761c00000, 0x0000000761e00000, 0x0000000761e00000|100%|HC|  |TAMS 0x0000000761e00000, 0x0000000761c00000| Complete 
| 783|0x0000000761e00000, 0x0000000762000000, 0x0000000762000000|100%|HC|  |TAMS 0x0000000762000000, 0x0000000761e00000| Complete 
| 784|0x0000000762000000, 0x0000000762200000, 0x0000000762200000|100%|HC|  |TAMS 0x0000000762200000, 0x0000000762000000| Complete 
| 785|0x0000000762200000, 0x0000000762400000, 0x0000000762400000|100%|HC|  |TAMS 0x0000000762400000, 0x0000000762200000| Complete 
| 786|0x0000000762400000, 0x0000000762600000, 0x0000000762600000|100%|HC|  |TAMS 0x0000000762600000, 0x0000000762400000| Complete 
| 787|0x0000000762600000, 0x0000000762800000, 0x0000000762800000|100%|HC|  |TAMS 0x0000000762800000, 0x0000000762600000| Complete 
| 788|0x0000000762800000, 0x0000000762a00000, 0x0000000762a00000|100%|HC|  |TAMS 0x0000000762a00000, 0x0000000762800000| Complete 
| 789|0x0000000762a00000, 0x0000000762c00000, 0x0000000762c00000|100%|HC|  |TAMS 0x0000000762c00000, 0x0000000762a00000| Complete 
| 790|0x0000000762c00000, 0x0000000762e00000, 0x0000000762e00000|100%|HC|  |TAMS 0x0000000762e00000, 0x0000000762c00000| Complete 
| 791|0x0000000762e00000, 0x0000000763000000, 0x0000000763000000|100%|HC|  |TAMS 0x0000000763000000, 0x0000000762e00000| Complete 
| 792|0x0000000763000000, 0x0000000763200000, 0x0000000763200000|100%|HC|  |TAMS 0x0000000763200000, 0x0000000763000000| Complete 
| 793|0x0000000763200000, 0x0000000763400000, 0x0000000763400000|100%|HS|  |TAMS 0x0000000763400000, 0x0000000763200000| Complete 
| 794|0x0000000763400000, 0x0000000763600000, 0x0000000763600000|100%|HC|  |TAMS 0x0000000763600000, 0x0000000763400000| Complete 
| 795|0x0000000763600000, 0x0000000763800000, 0x0000000763800000|100%|HC|  |TAMS 0x0000000763800000, 0x0000000763600000| Complete 
| 796|0x0000000763800000, 0x0000000763a00000, 0x0000000763a00000|100%|HC|  |TAMS 0x0000000763a00000, 0x0000000763800000| Complete 
| 797|0x0000000763a00000, 0x0000000763c00000, 0x0000000763c00000|100%|HC|  |TAMS 0x0000000763c00000, 0x0000000763a00000| Complete 
| 798|0x0000000763c00000, 0x0000000763e00000, 0x0000000763e00000|100%|HC|  |TAMS 0x0000000763e00000, 0x0000000763c00000| Complete 
| 799|0x0000000763e00000, 0x0000000764000000, 0x0000000764000000|100%|HC|  |TAMS 0x0000000764000000, 0x0000000763e00000| Complete 
| 800|0x0000000764000000, 0x0000000764200000, 0x0000000764200000|100%|HC|  |TAMS 0x0000000764200000, 0x0000000764000000| Complete 
| 801|0x0000000764200000, 0x0000000764400000, 0x0000000764400000|100%|HC|  |TAMS 0x0000000764400000, 0x0000000764200000| Complete 
| 802|0x0000000764400000, 0x0000000764600000, 0x0000000764600000|100%|HC|  |TAMS 0x0000000764600000, 0x0000000764400000| Complete 
| 803|0x0000000764600000, 0x0000000764800000, 0x0000000764800000|100%|HC|  |TAMS 0x0000000764800000, 0x0000000764600000| Complete 
| 804|0x0000000764800000, 0x0000000764a00000, 0x0000000764a00000|100%|HS|  |TAMS 0x0000000764a00000, 0x0000000764800000| Complete 
| 805|0x0000000764a00000, 0x0000000764c00000, 0x0000000764c00000|100%|HC|  |TAMS 0x0000000764c00000, 0x0000000764a00000| Complete 
| 806|0x0000000764c00000, 0x0000000764e00000, 0x0000000764e00000|100%|HC|  |TAMS 0x0000000764e00000, 0x0000000764c00000| Complete 
| 807|0x0000000764e00000, 0x0000000765000000, 0x0000000765000000|100%|HC|  |TAMS 0x0000000765000000, 0x0000000764e00000| Complete 
| 808|0x0000000765000000, 0x0000000765200000, 0x0000000765200000|100%|HC|  |TAMS 0x0000000765200000, 0x0000000765000000| Complete 
| 809|0x0000000765200000, 0x0000000765400000, 0x0000000765400000|100%|HC|  |TAMS 0x0000000765400000, 0x0000000765200000| Complete 
| 810|0x0000000765400000, 0x0000000765600000, 0x0000000765600000|100%|HC|  |TAMS 0x0000000765600000, 0x0000000765400000| Complete 
| 811|0x0000000765600000, 0x0000000765800000, 0x0000000765800000|100%|HC|  |TAMS 0x0000000765800000, 0x0000000765600000| Complete 
| 812|0x0000000765800000, 0x0000000765a00000, 0x0000000765a00000|100%|HC|  |TAMS 0x0000000765a00000, 0x0000000765800000| Complete 
| 813|0x0000000765a00000, 0x0000000765c00000, 0x0000000765c00000|100%|HC|  |TAMS 0x0000000765c00000, 0x0000000765a00000| Complete 
| 814|0x0000000765c00000, 0x0000000765e00000, 0x0000000765e00000|100%|HC|  |TAMS 0x0000000765e00000, 0x0000000765c00000| Complete 
| 815|0x0000000765e00000, 0x0000000766000000, 0x0000000766000000|100%|HS|  |TAMS 0x0000000765e00000, 0x0000000765e00000| Complete 
| 816|0x0000000766000000, 0x0000000766000000, 0x0000000766200000|  0%| F|  |TAMS 0x0000000766000000, 0x0000000766000000| Untracked 
| 817|0x0000000766200000, 0x0000000766200000, 0x0000000766400000|  0%| F|  |TAMS 0x0000000766200000, 0x0000000766200000| Untracked 
| 818|0x0000000766400000, 0x0000000766600000, 0x0000000766600000|100%| O|  |TAMS 0x0000000766600000, 0x0000000766400000| Untracked 
| 819|0x0000000766600000, 0x0000000766800000, 0x0000000766800000|100%| O|  |TAMS 0x0000000766800000, 0x0000000766600000| Updating 
| 820|0x0000000766800000, 0x0000000766a00000, 0x0000000766a00000|100%| O|  |TAMS 0x0000000766a00000, 0x0000000766800000| Untracked 
| 821|0x0000000766a00000, 0x0000000766c00000, 0x0000000766c00000|100%|HS|  |TAMS 0x0000000766a00000, 0x0000000766a00000| Complete 
| 822|0x0000000766c00000, 0x0000000766e00000, 0x0000000766e00000|100%|HC|  |TAMS 0x0000000766c00000, 0x0000000766c00000| Complete 
| 823|0x0000000766e00000, 0x0000000767000000, 0x0000000767000000|100%|HS|  |TAMS 0x0000000766e00000, 0x0000000766e00000| Complete 
| 824|0x0000000767000000, 0x0000000767200000, 0x0000000767200000|100%|HC|  |TAMS 0x0000000767000000, 0x0000000767000000| Complete 
| 825|0x0000000767200000, 0x0000000767400000, 0x0000000767400000|100%| O|  |TAMS 0x0000000767400000, 0x0000000767200000| Untracked 
| 826|0x0000000767400000, 0x0000000767600000, 0x0000000767600000|100%| O|  |TAMS 0x0000000767600000, 0x0000000767400000| Untracked 
| 827|0x0000000767600000, 0x0000000767800000, 0x0000000767800000|100%| O|  |TAMS 0x0000000767800000, 0x0000000767600000| Updating 
| 828|0x0000000767800000, 0x0000000767a00000, 0x0000000767a00000|100%| O|  |TAMS 0x0000000767a00000, 0x0000000767800000| Updating 
| 829|0x0000000767a00000, 0x0000000767c00000, 0x0000000767c00000|100%|HS|  |TAMS 0x0000000767a00000, 0x0000000767a00000| Complete 
| 830|0x0000000767c00000, 0x0000000767e00000, 0x0000000767e00000|100%|HC|  |TAMS 0x0000000767c00000, 0x0000000767c00000| Complete 
| 831|0x0000000767e00000, 0x0000000768000000, 0x0000000768000000|100%|HC|  |TAMS 0x0000000767e00000, 0x0000000767e00000| Complete 
| 832|0x0000000768000000, 0x0000000768200000, 0x0000000768200000|100%|HC|  |TAMS 0x0000000768000000, 0x0000000768000000| Complete 
| 833|0x0000000768200000, 0x0000000768400000, 0x0000000768400000|100%|HC|  |TAMS 0x0000000768200000, 0x0000000768200000| Complete 
| 834|0x0000000768400000, 0x0000000768600000, 0x0000000768600000|100%|HC|  |TAMS 0x0000000768400000, 0x0000000768400000| Complete 
| 835|0x0000000768600000, 0x0000000768800000, 0x0000000768800000|100%|HC|  |TAMS 0x0000000768600000, 0x0000000768600000| Complete 
| 836|0x0000000768800000, 0x0000000768a00000, 0x0000000768a00000|100%|HC|  |TAMS 0x0000000768800000, 0x0000000768800000| Complete 
| 837|0x0000000768a00000, 0x0000000768c00000, 0x0000000768c00000|100%|HC|  |TAMS 0x0000000768a00000, 0x0000000768a00000| Complete 
| 838|0x0000000768c00000, 0x0000000768e00000, 0x0000000768e00000|100%|HC|  |TAMS 0x0000000768c00000, 0x0000000768c00000| Complete 
| 839|0x0000000768e00000, 0x0000000769000000, 0x0000000769000000|100%|HC|  |TAMS 0x0000000768e00000, 0x0000000768e00000| Complete 
| 840|0x0000000769000000, 0x0000000769200000, 0x0000000769200000|100%| S|CS|TAMS 0x0000000769000000, 0x0000000769000000| Complete 
| 841|0x0000000769200000, 0x0000000769400000, 0x0000000769400000|100%| S|CS|TAMS 0x0000000769200000, 0x0000000769200000| Complete 
| 842|0x0000000769400000, 0x0000000769600000, 0x0000000769600000|100%| S|CS|TAMS 0x0000000769400000, 0x0000000769400000| Complete 
| 843|0x0000000769600000, 0x0000000769800000, 0x0000000769800000|100%| S|CS|TAMS 0x0000000769600000, 0x0000000769600000| Complete 
| 844|0x0000000769800000, 0x0000000769a00000, 0x0000000769a00000|100%| S|CS|TAMS 0x0000000769800000, 0x0000000769800000| Complete 
| 845|0x0000000769a00000, 0x0000000769a00000, 0x0000000769c00000|  0%| F|  |TAMS 0x0000000769a00000, 0x0000000769a00000| Untracked 
| 846|0x0000000769c00000, 0x0000000769c00000, 0x0000000769e00000|  0%| F|  |TAMS 0x0000000769c00000, 0x0000000769c00000| Untracked 
| 847|0x0000000769e00000, 0x0000000769e00000, 0x000000076a000000|  0%| F|  |TAMS 0x0000000769e00000, 0x0000000769e00000| Untracked 
| 848|0x000000076a000000, 0x000000076a000000, 0x000000076a200000|  0%| F|  |TAMS 0x000000076a000000, 0x000000076a000000| Untracked 
| 849|0x000000076a200000, 0x000000076a200000, 0x000000076a400000|  0%| F|  |TAMS 0x000000076a200000, 0x000000076a200000| Untracked 
| 850|0x000000076a400000, 0x000000076a400000, 0x000000076a600000|  0%| F|  |TAMS 0x000000076a400000, 0x000000076a400000| Untracked 
| 851|0x000000076a600000, 0x000000076a600000, 0x000000076a800000|  0%| F|  |TAMS 0x000000076a600000, 0x000000076a600000| Untracked 
| 852|0x000000076a800000, 0x000000076a800000, 0x000000076aa00000|  0%| F|  |TAMS 0x000000076a800000, 0x000000076a800000| Untracked 
| 853|0x000000076aa00000, 0x000000076abb5498, 0x000000076ac00000| 85%| E|  |TAMS 0x000000076aa00000, 0x000000076aa00000| Complete 
| 854|0x000000076ac00000, 0x000000076acde2f8, 0x000000076ae00000| 43%| S|CS|TAMS 0x000000076ac00000, 0x000000076ac00000| Complete 
|2033|0x00000007fe200000, 0x00000007fe400000, 0x00000007fe400000|100%| O|  |TAMS 0x00000007fe37b400, 0x00000007fe200000| Updating 
|2034|0x00000007fe400000, 0x00000007fe600000, 0x00000007fe600000|100%| O|  |TAMS 0x00000007fe600000, 0x00000007fe400000| Updating 
|2035|0x00000007fe600000, 0x00000007fe800000, 0x00000007fe800000|100%| O|  |TAMS 0x00000007fe800000, 0x00000007fe600000| Untracked 
|2036|0x00000007fe800000, 0x00000007fea00000, 0x00000007fea00000|100%| O|  |TAMS 0x00000007fea00000, 0x00000007fe800000| Untracked 
|2037|0x00000007fea00000, 0x00000007fec00000, 0x00000007fec00000|100%| O|  |TAMS 0x00000007fec00000, 0x00000007fea00000| Updating 
|2038|0x00000007fec00000, 0x00000007fee00000, 0x00000007fee00000|100%| O|  |TAMS 0x00000007fee00000, 0x00000007fec00000| Untracked 
|2039|0x00000007fee00000, 0x00000007ff000000, 0x00000007ff000000|100%| O|  |TAMS 0x00000007ff000000, 0x00000007fee00000| Updating 
|2040|0x00000007ff000000, 0x00000007ff200000, 0x00000007ff200000|100%| O|  |TAMS 0x00000007ff200000, 0x00000007ff000000| Updating 
|2041|0x00000007ff200000, 0x00000007ff400000, 0x00000007ff400000|100%| O|  |TAMS 0x00000007ff400000, 0x00000007ff200000| Untracked 
|2042|0x00000007ff400000, 0x00000007ff600000, 0x00000007ff600000|100%| E|CS|TAMS 0x00000007ff400000, 0x00000007ff400000| Complete 
|2043|0x00000007ff600000, 0x00000007ff800000, 0x00000007ff800000|100%| O|  |TAMS 0x00000007ff800000, 0x00000007ff600000| Untracked 
|2044|0x00000007ff800000, 0x00000007ffa00000, 0x00000007ffa00000|100%| O|  |TAMS 0x00000007ffa00000, 0x00000007ff800000| Untracked 
|2045|0x00000007ffa00000, 0x00000007ffc00000, 0x00000007ffc00000|100%| O|  |TAMS 0x00000007ffc00000, 0x00000007ffa00000| Untracked 
|2046|0x00000007ffc00000, 0x00000007ffe00000, 0x00000007ffe00000|100%| E|CS|TAMS 0x00000007ffc00000, 0x00000007ffc00000| Complete 
|2047|0x00000007ffe00000, 0x0000000800000000, 0x0000000800000000|100%| O|  |TAMS 0x0000000800000000, 0x00000007ffe00000| Untracked 

Card table byte_map: [0x000001e6c1300000,0x000001e6c1b00000] _byte_map_base: 0x000001e6bdb00000

Marking Bits (Prev, Next): (CMBitMap*) 0x000001e6a78dc7e0, (CMBitMap*) 0x000001e6a78dc820
 Prev Bits: [0x000001e6c2300000, 0x000001e6c6300000)
 Next Bits: [0x000001e6c6300000, 0x000001e6ca300000)

Polling page: 0x000001e6a7ae0000

Metaspace:

Usage:
  Non-class:    120.31 MB used.
      Class:     18.89 MB used.
       Both:    139.20 MB used.

Virtual space:
  Non-class space:      128.00 MB reserved,     121.94 MB ( 95%) committed,  2 nodes.
      Class space:      832.00 MB reserved,      20.38 MB (  2%) committed,  1 nodes.
             Both:      960.00 MB reserved,     142.31 MB ( 15%) committed. 

Chunk freelists:
   Non-Class:  5.89 MB
       Class:  11.61 MB
        Both:  17.50 MB

MaxMetaspaceSize: 1.00 GB
CompressedClassSpaceSize: 832.00 MB
Initial GC threshold: 21.00 MB
Current GC threshold: 236.56 MB
CDS: on
MetaspaceReclaimPolicy: balanced
 - commit_granule_bytes: 65536.
 - commit_granule_words: 8192.
 - virtual_space_node_default_size: 8388608.
 - enlarge_chunks_in_place: 1.
 - new_chunks_are_fully_committed: 0.
 - uncommit_free_chunks: 1.
 - use_allocation_guard: 0.
 - handle_deallocations: 1.


Internal statistics:

num_allocs_failed_limit: 21.
num_arena_births: 4628.
num_arena_deaths: 0.
num_vsnodes_births: 3.
num_vsnodes_deaths: 0.
num_space_committed: 2275.
num_space_uncommitted: 0.
num_chunks_returned_to_freelist: 21.
num_chunks_taken_from_freelist: 12095.
num_chunk_merges: 18.
num_chunk_splits: 7296.
num_chunks_enlarged: 3906.
num_inconsistent_stats: 0.

CodeHeap 'non-profiled nmethods': size=120000Kb used=23850Kb max_used=24153Kb free=96150Kb
 bounds [0x000001e6b92a0000, 0x000001e6baa40000, 0x000001e6c07d0000]
CodeHeap 'profiled nmethods': size=120000Kb used=44122Kb max_used=44982Kb free=75877Kb
 bounds [0x000001e6b17d0000, 0x000001e6b43d0000, 0x000001e6b8d00000]
CodeHeap 'non-nmethods': size=5760Kb used=2522Kb max_used=2628Kb free=3237Kb
 bounds [0x000001e6b8d00000, 0x000001e6b8fa0000, 0x000001e6b92a0000]
 total_blobs=24238 nmethods=23161 adapters=987
 compilation: enabled
              stopped_count=0, restarted_count=0
 full_count=0

Compilation events (20 events):
Event: 1568.335 Thread 0x000001e6ccd7a4d0 29712       3       com.android.zipflinger.Sources::from (10 bytes)
Event: 1568.336 Thread 0x000001e6ccd7a4d0 nmethod 29712 0x000001e6b438a310 code [0x000001e6b438a4c0, 0x000001e6b438a6b8]
Event: 1568.336 Thread 0x000001e6ccd7a4d0 29713       3       com.android.zipflinger.Sources::from (33 bytes)
Event: 1568.337 Thread 0x000001e6ccd7a4d0 nmethod 29713 0x000001e6b319bd90 code [0x000001e6b319bfc0, 0x000001e6b319c7d8]
Event: 1568.675 Thread 0x000001e6ccd7a4d0 29714       3       java.util.zip.DeflaterOutputStream::flush (86 bytes)
Event: 1568.826 Thread 0x000001e6ccd7a4d0 nmethod 29714 0x000001e6b3fb0f90 code [0x000001e6b3fb11a0, 0x000001e6b3fb18a8]
Event: 1568.826 Thread 0x000001e6ccd7a4d0 29716       3       java.util.zip.Deflater::<init> (40 bytes)
Event: 1568.827 Thread 0x000001e6ccd7a4d0 nmethod 29716 0x000001e6b3aacd10 code [0x000001e6b3aacf00, 0x000001e6b3aad418]
Event: 1568.827 Thread 0x000001e6ccd7a4d0 29715   !   3       java.util.zip.DeflaterOutputStream::close (58 bytes)
Event: 1568.864 Thread 0x000001e6ccd7a4d0 nmethod 29715 0x000001e6b408ea90 code [0x000001e6b408ed20, 0x000001e6b408fbb8]
Event: 1568.864 Thread 0x000001e6ccd7a4d0 29717       3       java.util.zip.DeflaterOutputStream::<init> (11 bytes)
Event: 1568.864 Thread 0x000001e6ccd7a4d0 nmethod 29717 0x000001e6b26ffc10 code [0x000001e6b26ffdc0, 0x000001e6b26fff08]
Event: 1570.383 Thread 0x000001e6ccd7a4d0 29718  s    3       java.util.zip.Deflater$DeflaterZStreamRef::run (21 bytes)
Event: 1570.384 Thread 0x000001e6ccd7a4d0 nmethod 29718 0x000001e6b3693110 code [0x000001e6b36932c0, 0x000001e6b36934e8]
Event: 1570.752 Thread 0x000001e6ccd728a0 29719   !   4       sun.nio.ch.FileChannelImpl::position (258 bytes)
Event: 1570.789 Thread 0x000001e6ccd728a0 nmethod 29719 0x000001e6ba5f6910 code [0x000001e6ba5f6b00, 0x000001e6ba5f7d08]
Event: 1570.789 Thread 0x000001e6ccd728a0 29720       4       com.android.zipflinger.ZipArchive::writeSource (205 bytes)
Event: 1571.929 Thread 0x000001e6ccd728a0 nmethod 29720 0x000001e6ba6c5210 code [0x000001e6ba6c5600, 0x000001e6ba6cb268]
Event: 1571.930 Thread 0x000001e6ccd728a0 29721       4       com.android.zipflinger.CentralDirectoryRecord::<init> (113 bytes)
Event: 1571.942 Thread 0x000001e6ccd728a0 nmethod 29721 0x000001e6ba66c610 code [0x000001e6ba66c7a0, 0x000001e6ba66cc38]

GC Heap History (20 events):
Event: 1455.836 GC heap before
{Heap before GC invocations=158 (full 0):
 garbage-first heap   total 733184K, used 725916K [0x0000000700000000, 0x0000000800000000)
  region size 2048K, 2 young (4096K), 1 survivors (2048K)
 Metaspace       used 142118K, committed 145280K, reserved 983040K
  class space    used 19279K, committed 20800K, reserved 851968K
}
Event: 1455.839 GC heap after
{Heap after GC invocations=159 (full 0):
 garbage-first heap   total 733184K, used 725789K [0x0000000700000000, 0x0000000800000000)
  region size 2048K, 1 young (2048K), 1 survivors (2048K)
 Metaspace       used 142118K, committed 145280K, reserved 983040K
  class space    used 19279K, committed 20800K, reserved 851968K
}
Event: 1455.870 GC heap before
{Heap before GC invocations=159 (full 0):
 garbage-first heap   total 733184K, used 725789K [0x0000000700000000, 0x0000000800000000)
  region size 2048K, 2 young (4096K), 1 survivors (2048K)
 Metaspace       used 142118K, committed 145280K, reserved 983040K
  class space    used 19279K, committed 20800K, reserved 851968K
}
Event: 1455.872 GC heap after
{Heap after GC invocations=160 (full 0):
 garbage-first heap   total 733184K, used 725775K [0x0000000700000000, 0x0000000800000000)
  region size 2048K, 1 young (2048K), 1 survivors (2048K)
 Metaspace       used 142118K, committed 145280K, reserved 983040K
  class space    used 19279K, committed 20800K, reserved 851968K
}
Event: 1455.977 GC heap before
{Heap before GC invocations=160 (full 0):
 garbage-first heap   total 753664K, used 746255K [0x0000000700000000, 0x0000000800000000)
  region size 2048K, 2 young (4096K), 1 survivors (2048K)
 Metaspace       used 142119K, committed 145280K, reserved 983040K
  class space    used 19279K, committed 20800K, reserved 851968K
}
Event: 1455.999 GC heap after
{Heap after GC invocations=161 (full 0):
 garbage-first heap   total 753664K, used 746264K [0x0000000700000000, 0x0000000800000000)
  region size 2048K, 1 young (2048K), 1 survivors (2048K)
 Metaspace       used 142119K, committed 145280K, reserved 983040K
  class space    used 19279K, committed 20800K, reserved 851968K
}
Event: 1471.090 GC heap before
{Heap before GC invocations=162 (full 0):
 garbage-first heap   total 1320960K, used 1131288K [0x0000000700000000, 0x0000000800000000)
  region size 2048K, 19 young (38912K), 1 survivors (2048K)
 Metaspace       used 142171K, committed 145344K, reserved 983040K
  class space    used 19285K, committed 20800K, reserved 851968K
}
Event: 1471.112 GC heap after
{Heap after GC invocations=163 (full 0):
 garbage-first heap   total 1320960K, used 960493K [0x0000000700000000, 0x0000000800000000)
  region size 2048K, 3 young (6144K), 3 survivors (6144K)
 Metaspace       used 142171K, committed 145344K, reserved 983040K
  class space    used 19285K, committed 20800K, reserved 851968K
}
Event: 1480.425 GC heap before
{Heap before GC invocations=163 (full 0):
 garbage-first heap   total 1320960K, used 1298413K [0x0000000700000000, 0x0000000800000000)
  region size 2048K, 20 young (40960K), 3 survivors (6144K)
 Metaspace       used 142175K, committed 145344K, reserved 983040K
  class space    used 19285K, committed 20800K, reserved 851968K
}
Event: 1480.572 GC heap after
{Heap after GC invocations=164 (full 0):
 garbage-first heap   total 1337344K, used 1134919K [0x0000000700000000, 0x0000000800000000)
  region size 2048K, 4 young (8192K), 4 survivors (8192K)
 Metaspace       used 142175K, committed 145344K, reserved 983040K
  class space    used 19285K, committed 20800K, reserved 851968K
}
Event: 1481.228 GC heap before
{Heap before GC invocations=164 (full 0):
 garbage-first heap   total 1337344K, used 1139015K [0x0000000700000000, 0x0000000800000000)
  region size 2048K, 5 young (10240K), 4 survivors (8192K)
 Metaspace       used 142175K, committed 145344K, reserved 983040K
  class space    used 19285K, committed 20800K, reserved 851968K
}
Event: 1481.252 GC heap after
{Heap after GC invocations=165 (full 0):
 garbage-first heap   total 1337344K, used 1138078K [0x0000000700000000, 0x0000000800000000)
  region size 2048K, 1 young (2048K), 1 survivors (2048K)
 Metaspace       used 142175K, committed 145344K, reserved 983040K
  class space    used 19285K, committed 20800K, reserved 851968K
}
Event: 1518.422 GC heap before
{Heap before GC invocations=166 (full 0):
 garbage-first heap   total 1765376K, used 1617310K [0x0000000700000000, 0x0000000800000000)
  region size 2048K, 33 young (67584K), 1 survivors (2048K)
 Metaspace       used 142470K, committed 145600K, reserved 983040K
  class space    used 19334K, committed 20800K, reserved 851968K
}
Event: 1518.515 GC heap after
{Heap after GC invocations=167 (full 0):
 garbage-first heap   total 1765376K, used 1451938K [0x0000000700000000, 0x0000000800000000)
  region size 2048K, 4 young (8192K), 4 survivors (8192K)
 Metaspace       used 142470K, committed 145600K, reserved 983040K
  class space    used 19334K, committed 20800K, reserved 851968K
}
Event: 1556.033 GC heap before
{Heap before GC invocations=167 (full 0):
 garbage-first heap   total 1765376K, used 1730466K [0x0000000700000000, 0x0000000800000000)
  region size 2048K, 23 young (47104K), 4 survivors (8192K)
 Metaspace       used 142540K, committed 145728K, reserved 983040K
  class space    used 19343K, committed 20864K, reserved 851968K
}
Event: 1556.582 GC heap after
{Heap after GC invocations=168 (full 0):
 garbage-first heap   total 1779712K, used 1603053K [0x0000000700000000, 0x0000000800000000)
  region size 2048K, 6 young (12288K), 6 survivors (12288K)
 Metaspace       used 142540K, committed 145728K, reserved 983040K
  class space    used 19343K, committed 20864K, reserved 851968K
}
Event: 1566.360 GC heap before
{Heap before GC invocations=168 (full 0):
 garbage-first heap   total 1779712K, used 1621485K [0x0000000700000000, 0x0000000800000000)
  region size 2048K, 10 young (20480K), 6 survivors (12288K)
 Metaspace       used 142540K, committed 145728K, reserved 983040K
  class space    used 19343K, committed 20864K, reserved 851968K
}
Event: 1566.474 GC heap after
{Heap after GC invocations=169 (full 0):
 garbage-first heap   total 1779712K, used 1610462K [0x0000000700000000, 0x0000000800000000)
  region size 2048K, 1 young (2048K), 1 survivors (2048K)
 Metaspace       used 142540K, committed 145728K, reserved 983040K
  class space    used 19343K, committed 20864K, reserved 851968K
}
Event: 1569.550 GC heap before
{Heap before GC invocations=169 (full 0):
 garbage-first heap   total 1779712K, used 1764062K [0x0000000700000000, 0x0000000800000000)
  region size 2048K, 11 young (22528K), 1 survivors (2048K)
 Metaspace       used 142541K, committed 145728K, reserved 983040K
  class space    used 19343K, committed 20864K, reserved 851968K
}
Event: 1570.348 GC heap after
{Heap after GC invocations=170 (full 0):
 garbage-first heap   total 1781760K, used 1718503K [0x0000000700000000, 0x0000000800000000)
  region size 2048K, 6 young (12288K), 6 survivors (12288K)
 Metaspace       used 142541K, committed 145728K, reserved 983040K
  class space    used 19343K, committed 20864K, reserved 851968K
}

Dll operation events (15 events):
Event: 0.052 Loaded shared library C:\Program Files\Eclipse Adoptium\jdk-17.0.16.8-hotspot\bin\java.dll
Event: 0.168 Loaded shared library C:\Program Files\Eclipse Adoptium\jdk-17.0.16.8-hotspot\bin\jsvml.dll
Event: 0.400 Loaded shared library C:\Program Files\Eclipse Adoptium\jdk-17.0.16.8-hotspot\bin\zip.dll
Event: 0.409 Loaded shared library C:\Program Files\Eclipse Adoptium\jdk-17.0.16.8-hotspot\bin\instrument.dll
Event: 0.426 Loaded shared library C:\Program Files\Eclipse Adoptium\jdk-17.0.16.8-hotspot\bin\net.dll
Event: 0.434 Loaded shared library C:\Program Files\Eclipse Adoptium\jdk-17.0.16.8-hotspot\bin\nio.dll
Event: 0.441 Loaded shared library C:\Program Files\Eclipse Adoptium\jdk-17.0.16.8-hotspot\bin\zip.dll
Event: 1.370 Loaded shared library C:\Program Files\Eclipse Adoptium\jdk-17.0.16.8-hotspot\bin\jimage.dll
Event: 2.691 Loaded shared library C:\Program Files\Eclipse Adoptium\jdk-17.0.16.8-hotspot\bin\verify.dll
Event: 3.091 Loaded shared library C:\Users\user\.gradle\native\1def1411415f61bf3af743bc5b6707747c0891f09f0c88961ee8f79bc544acac\windows-amd64\native-platform.dll
Event: 3.269 Loaded shared library C:\Users\user\.gradle\native\0.2.8\x86_64-windows-gnu\gradle-fileevents.dll
Event: 9.116 Loaded shared library C:\Program Files\Eclipse Adoptium\jdk-17.0.16.8-hotspot\bin\management.dll
Event: 9.126 Loaded shared library C:\Program Files\Eclipse Adoptium\jdk-17.0.16.8-hotspot\bin\management_ext.dll
Event: 11.046 Loaded shared library C:\Program Files\Eclipse Adoptium\jdk-17.0.16.8-hotspot\bin\extnet.dll
Event: 11.852 Loaded shared library C:\Program Files\Eclipse Adoptium\jdk-17.0.16.8-hotspot\bin\sunmscapi.dll

Deoptimization events (20 events):
Event: 1518.607 Thread 0x000001e714571cc0 DEOPT PACKING pc=0x000001e6b258c930 sp=0x000000d4597fd120
Event: 1518.607 Thread 0x000001e714571cc0 DEOPT UNPACKING pc=0x000001e6b8d57143 sp=0x000000d4597fc5a0 mode 0
Event: 1518.608 Thread 0x000001e714571cc0 DEOPT PACKING pc=0x000001e6b1d07042 sp=0x000000d4597fd170
Event: 1518.608 Thread 0x000001e714571cc0 DEOPT UNPACKING pc=0x000001e6b8d57143 sp=0x000000d4597fc608 mode 0
Event: 1518.609 Thread 0x000001e714571cc0 DEOPT PACKING pc=0x000001e6b258c930 sp=0x000000d4597fd120
Event: 1518.609 Thread 0x000001e714571cc0 DEOPT UNPACKING pc=0x000001e6b8d57143 sp=0x000000d4597fc5a0 mode 0
Event: 1518.759 Thread 0x000001e714571cc0 DEOPT PACKING pc=0x000001e6b1d07042 sp=0x000000d4597fd170
Event: 1518.759 Thread 0x000001e714571cc0 DEOPT UNPACKING pc=0x000001e6b8d57143 sp=0x000000d4597fc608 mode 0
Event: 1519.329 Thread 0x000001e714571cc0 Uncommon trap: trap_request=0xffffff45 fr.pc=0x000001e6b9681f64 relative=0x0000000000000fc4
Event: 1519.329 Thread 0x000001e714571cc0 Uncommon trap: reason=unstable_if action=reinterpret pc=0x000001e6b9681f64 method=com.google.gson.stream.JsonWriter.newline()V @ 4 c2
Event: 1519.329 Thread 0x000001e714571cc0 DEOPT PACKING pc=0x000001e6b9681f64 sp=0x000000d4597fd760
Event: 1519.330 Thread 0x000001e714571cc0 DEOPT UNPACKING pc=0x000001e6b8d569a3 sp=0x000000d4597fd758 mode 2
Event: 1519.331 Thread 0x000001e714571cc0 Uncommon trap: trap_request=0xffffff45 fr.pc=0x000001e6ba6b3624 relative=0x00000000000054a4
Event: 1519.332 Thread 0x000001e714571cc0 Uncommon trap: reason=unstable_if action=reinterpret pc=0x000001e6ba6b3624 method=com.google.gson.stream.JsonWriter.newline()V @ 4 c2
Event: 1519.332 Thread 0x000001e714571cc0 DEOPT PACKING pc=0x000001e6ba6b3624 sp=0x000000d4597fd870
Event: 1519.400 Thread 0x000001e714571cc0 DEOPT UNPACKING pc=0x000001e6b8d569a3 sp=0x000000d4597fd768 mode 2
Event: 1522.824 Thread 0x000001e7182e42a0 Uncommon trap: trap_request=0xffffff45 fr.pc=0x000001e6b9ac28e0 relative=0x0000000000001be0
Event: 1522.824 Thread 0x000001e7182e42a0 Uncommon trap: reason=unstable_if action=reinterpret pc=0x000001e6b9ac28e0 method=java.util.TimSort.mergeHi(IIII)V @ 568 c2
Event: 1522.824 Thread 0x000001e7182e42a0 DEOPT PACKING pc=0x000001e6b9ac28e0 sp=0x000000d4540fe050
Event: 1522.825 Thread 0x000001e7182e42a0 DEOPT UNPACKING pc=0x000001e6b8d569a3 sp=0x000000d4540fe038 mode 2

Classes loaded (20 events):
Event: 1513.003 Loading class java/nio/BufferOverflowException
Event: 1513.012 Loading class java/nio/BufferOverflowException done
Event: 1513.879 Loading class java/security/DigestException
Event: 1513.887 Loading class java/security/DigestException done
Event: 1513.908 Loading class java/security/spec/InvalidKeySpecException
Event: 1513.930 Loading class java/security/spec/InvalidKeySpecException done
Event: 1514.103 Loading class java/security/InvalidAlgorithmParameterException
Event: 1514.111 Loading class java/security/InvalidAlgorithmParameterException done
Event: 1514.477 Loading class java/security/spec/MGF1ParameterSpec
Event: 1514.486 Loading class java/security/spec/MGF1ParameterSpec done
Event: 1514.606 Loading class java/util/concurrent/ForkJoinTask$AdaptedRunnableAction
Event: 1514.618 Loading class java/util/concurrent/ForkJoinTask$AdaptedRunnableAction done
Event: 1518.025 Loading class java/nio/BufferUnderflowException
Event: 1518.028 Loading class java/nio/BufferUnderflowException done
Event: 1518.221 Loading class sun/security/rsa/RSACore$BlindingParameters
Event: 1518.225 Loading class sun/security/rsa/RSACore$BlindingParameters done
Event: 1518.225 Loading class sun/security/jca/JCAUtil$CachedSecureRandomHolder
Event: 1518.338 Loading class sun/security/jca/JCAUtil$CachedSecureRandomHolder done
Event: 1518.572 Loading class sun/security/rsa/RSACore$BlindingRandomPair
Event: 1518.574 Loading class sun/security/rsa/RSACore$BlindingRandomPair done

Classes unloaded (0 events):
No events

Classes redefined (0 events):
No events

Internal exceptions (20 events):
Event: 1443.229 Thread 0x000001e70d00b440 Exception <a 'sun/nio/fs/WindowsException'{0x000000072985b5c8}> (0x000000072985b5c8) 
thrown [s\src\hotspot\share\prims\jni.cpp, line 516]
Event: 1443.239 Thread 0x000001e70d00b440 Exception <a 'sun/nio/fs/WindowsException'{0x0000000729875da8}> (0x0000000729875da8) 
thrown [s\src\hotspot\share\prims\jni.cpp, line 516]
Event: 1443.260 Thread 0x000001e70d00b440 Exception <a 'sun/nio/fs/WindowsException'{0x00000007299cbae8}> (0x00000007299cbae8) 
thrown [s\src\hotspot\share\prims\jni.cpp, line 516]
Event: 1443.275 Thread 0x000001e70914a750 Exception <a 'sun/nio/fs/WindowsException'{0x00000007299f24c8}> (0x00000007299f24c8) 
thrown [s\src\hotspot\share\prims\jni.cpp, line 516]
Event: 1444.332 Thread 0x000001e70914a750 Exception <a 'sun/nio/fs/WindowsException'{0x000000072ae0e168}> (0x000000072ae0e168) 
thrown [s\src\hotspot\share\prims\jni.cpp, line 516]
Event: 1444.341 Thread 0x000001e70914a750 Exception <a 'sun/nio/fs/WindowsException'{0x000000072ae2d690}> (0x000000072ae2d690) 
thrown [s\src\hotspot\share\prims\jni.cpp, line 516]
Event: 1444.368 Thread 0x000001e70914a750 Exception <a 'sun/nio/fs/WindowsException'{0x000000072af6ca48}> (0x000000072af6ca48) 
thrown [s\src\hotspot\share\prims\jni.cpp, line 516]
Event: 1444.375 Thread 0x000001e70914a750 Exception <a 'sun/nio/fs/WindowsException'{0x000000072af86528}> (0x000000072af86528) 
thrown [s\src\hotspot\share\prims\jni.cpp, line 516]
Event: 1444.382 Thread 0x000001e70914a750 Exception <a 'sun/nio/fs/WindowsException'{0x000000072af97e70}> (0x000000072af97e70) 
thrown [s\src\hotspot\share\prims\jni.cpp, line 516]
Event: 1449.264 Thread 0x000001e70914a240 Exception <a 'sun/nio/fs/WindowsException'{0x000000072c05a2f0}> (0x000000072c05a2f0) 
thrown [s\src\hotspot\share\prims\jni.cpp, line 516]
Event: 1449.270 Thread 0x000001e70914a240 Exception <a 'sun/nio/fs/WindowsException'{0x000000072c05b158}> (0x000000072c05b158) 
thrown [s\src\hotspot\share\prims\jni.cpp, line 516]
Event: 1449.270 Thread 0x000001e70914a240 Exception <a 'sun/nio/fs/WindowsException'{0x000000072c05b288}> (0x000000072c05b288) 
thrown [s\src\hotspot\share\prims\jni.cpp, line 516]
Event: 1452.197 Thread 0x000001e714571cc0 Exception <a 'sun/nio/fs/WindowsException'{0x000000072a7be620}> (0x000000072a7be620) 
thrown [s\src\hotspot\share\prims\jni.cpp, line 516]
Event: 1452.198 Thread 0x000001e714575470 Exception <a 'sun/nio/fs/WindowsException'{0x000000072a7f4940}> (0x000000072a7f4940) 
thrown [s\src\hotspot\share\prims\jni.cpp, line 516]
Event: 1452.199 Thread 0x000001e7182e42a0 Exception <a 'sun/nio/fs/WindowsException'{0x000000072a7d0fd8}> (0x000000072a7d0fd8) 
thrown [s\src\hotspot\share\prims\jni.cpp, line 516]
Event: 1452.199 Thread 0x000001e714575e90 Exception <a 'sun/nio/fs/WindowsException'{0x000000072a71eb60}> (0x000000072a71eb60) 
thrown [s\src\hotspot\share\prims\jni.cpp, line 516]
Event: 1452.199 Thread 0x000001e7145763a0 Exception <a 'sun/nio/fs/WindowsException'{0x000000072a74c918}> (0x000000072a74c918) 
thrown [s\src\hotspot\share\prims\jni.cpp, line 516]
Event: 1455.918 Thread 0x000001e7182e51d0 Exception <a 'java/lang/OutOfMemoryError'{0x0000000700453030}> (0x0000000700453030) 
thrown [s\src\hotspot\share\gc\shared\memAllocator.cpp, line 134]
Event: 1456.482 Thread 0x000001e714575e90 Exception <a 'java/lang/ClassNotFoundException'{0x000000072c228078}: sun/misc/SharedSecrets> (0x000000072c228078) 
thrown [s\src\hotspot\share\classfile\systemDictionary.cpp, line 256]
Event: 1456.718 Thread 0x000001e714575e90 Exception <a 'sun/nio/fs/WindowsException'{0x000000072c28ace0}> (0x000000072c28ace0) 
thrown [s\src\hotspot\share\prims\jni.cpp, line 516]

VM Operations (20 events):
Event: 1555.694 Executing VM operation: G1CollectForAllocation done
Event: 1555.695 Executing VM operation: G1CollectForAllocation
Event: 1555.695 Executing VM operation: G1CollectForAllocation done
Event: 1555.695 Executing VM operation: G1CollectForAllocation
Event: 1555.695 Executing VM operation: G1CollectForAllocation done
Event: 1555.695 Executing VM operation: G1CollectForAllocation
Event: 1555.695 Executing VM operation: G1CollectForAllocation done
Event: 1555.697 Executing VM operation: G1CollectForAllocation
Event: 1556.582 Executing VM operation: G1CollectForAllocation done
Event: 1563.613 Executing VM operation: HandshakeAllThreads
Event: 1563.613 Executing VM operation: HandshakeAllThreads done
Event: 1566.360 Executing VM operation: G1TryInitiateConcMark
Event: 1566.474 Executing VM operation: G1TryInitiateConcMark done
Event: 1568.499 Executing VM operation: Cleanup
Event: 1568.826 Executing VM operation: Cleanup done
Event: 1568.826 Executing VM operation: G1CollectForAllocation
Event: 1569.243 Executing VM operation: G1CollectForAllocation done
Event: 1569.247 Executing VM operation: G1CollectForAllocation
Event: 1570.348 Executing VM operation: G1CollectForAllocation done
Event: 1577.918 Executing VM operation: G1PauseRemark

Memory protections (0 events):
No events

Nmethod flushes (20 events):
Event: 1449.657 Thread 0x000001e706008070 flushing  nmethod 0x000001e6b4309210
Event: 1449.657 Thread 0x000001e706008070 flushing  nmethod 0x000001e6b4309710
Event: 1449.657 Thread 0x000001e706008070 flushing  nmethod 0x000001e6b4309b90
Event: 1449.657 Thread 0x000001e706008070 flushing  nmethod 0x000001e6b4310110
Event: 1449.657 Thread 0x000001e706008070 flushing  nmethod 0x000001e6b431fd90
Event: 1449.658 Thread 0x000001e706008070 flushing  nmethod 0x000001e6b432af10
Event: 1449.658 Thread 0x000001e706008070 flushing  nmethod 0x000001e6b432fc10
Event: 1449.658 Thread 0x000001e706008070 flushing  nmethod 0x000001e6b4330110
Event: 1449.658 Thread 0x000001e706008070 flushing  nmethod 0x000001e6b4330b10
Event: 1449.658 Thread 0x000001e706008070 flushing  nmethod 0x000001e6b4331590
Event: 1449.658 Thread 0x000001e706008070 flushing  nmethod 0x000001e6b4331b90
Event: 1449.658 Thread 0x000001e706008070 flushing  nmethod 0x000001e6b4332810
Event: 1449.658 Thread 0x000001e706008070 flushing  nmethod 0x000001e6b4333410
Event: 1449.658 Thread 0x000001e706008070 flushing  nmethod 0x000001e6b4333790
Event: 1449.658 Thread 0x000001e706008070 flushing  nmethod 0x000001e6b4337c90
Event: 1449.658 Thread 0x000001e706008070 flushing  nmethod 0x000001e6b4339990
Event: 1449.658 Thread 0x000001e706008070 flushing  nmethod 0x000001e6b4340590
Event: 1449.658 Thread 0x000001e706008070 flushing  nmethod 0x000001e6b4349510
Event: 1449.659 Thread 0x000001e706008070 flushing  nmethod 0x000001e6b4378890
Event: 1449.659 Thread 0x000001e706008070 flushing  nmethod 0x000001e6b438a310

Events (20 events):
Event: 1443.132 Thread 0x000001e6ccd728a0 Thread added: 0x000001e713de3480
Event: 1443.926 Thread 0x000001e713de3480 Thread exited: 0x000001e713de3480
Event: 1443.926 Thread 0x000001e713de14a0 Thread exited: 0x000001e713de14a0
Event: 1448.543 Thread 0x000001e6ccd7a4d0 Thread added: 0x000001e713de3f20
Event: 1449.472 Thread 0x000001e713de3f20 Thread exited: 0x000001e713de3f20
Event: 1449.911 Thread 0x000001e6ccd7a4d0 Thread added: 0x000001e713de3f20
Event: 1450.780 Thread 0x000001e713de3f20 Thread exited: 0x000001e713de3f20
Event: 1452.449 Thread 0x000001e7182e42a0 Thread added: 0x000001e7182e4cc0
Event: 1452.449 Thread 0x000001e714571cc0 Thread added: 0x000001e7182e5bf0
Event: 1452.452 Thread 0x000001e7145763a0 Thread added: 0x000001e7182e7030
Event: 1452.492 Thread 0x000001e714575e90 Thread added: 0x000001e7182e51d0
Event: 1452.496 Thread 0x000001e714575470 Thread added: 0x000001e7182e6b20
Event: 1452.497 Thread 0x000001e7182e7030 Thread added: 0x000001e7182e56e0
Event: 1452.501 Thread 0x000001e7182e51d0 Thread added: 0x000001e7182e7540
Event: 1453.079 Thread 0x000001e6ccd7a4d0 Thread added: 0x000001e713de14a0
Event: 1455.251 Thread 0x000001e713de14a0 Thread exited: 0x000001e713de14a0
Event: 1517.438 Thread 0x000001e7182e2440 Thread exited: 0x000001e7182e2440
Event: 1517.439 Thread 0x000001e7182e05e0 Thread exited: 0x000001e7182e05e0
Event: 1518.310 Thread 0x000001e70d00e1d0 Thread exited: 0x000001e70d00e1d0
Event: 1518.314 Thread 0x000001e7182e1a20 Thread exited: 0x000001e7182e1a20


Dynamic libraries:
0x00007ff6b2300000 - 0x00007ff6b230e000 	C:\Program Files\Eclipse Adoptium\jdk-17.0.16.8-hotspot\bin\java.exe
0x00007ffd3a5e0000 - 0x00007ffd3a847000 	C:\WINDOWS\SYSTEM32\ntdll.dll
0x00007ffcee090000 - 0x00007ffcee0b0000 	C:\Program Files\Avast Software\Avast\aswhook.dll
0x00007ffd38810000 - 0x00007ffd388d9000 	C:\WINDOWS\System32\KERNEL32.DLL
0x00007ffd370d0000 - 0x00007ffd374c1000 	C:\WINDOWS\System32\KERNELBASE.dll
0x00007ffd38230000 - 0x00007ffd3837b000 	C:\WINDOWS\System32\ucrtbase.dll
0x00007ffcfb170000 - 0x00007ffcfb18e000 	C:\Program Files\Eclipse Adoptium\jdk-17.0.16.8-hotspot\bin\VCRUNTIME140.dll
0x00007ffcfb150000 - 0x00007ffcfb167000 	C:\Program Files\Eclipse Adoptium\jdk-17.0.16.8-hotspot\bin\jli.dll
0x00007ffd1ad00000 - 0x00007ffd1af93000 	C:\WINDOWS\WinSxS\amd64_microsoft.windows.common-controls_6595b64144ccf1df_6.0.26100.8037_none_3e092faae333b53b\COMCTL32.dll
0x00007ffd38b70000 - 0x00007ffd38c19000 	C:\WINDOWS\System32\msvcrt.dll
0x00007ffd38c20000 - 0x00007ffd38c4b000 	C:\WINDOWS\System32\GDI32.dll
0x00007ffd38640000 - 0x00007ffd38805000 	C:\WINDOWS\System32\USER32.dll
0x00007ffd36ff0000 - 0x00007ffd37017000 	C:\WINDOWS\System32\win32u.dll
0x00007ffd36ec0000 - 0x00007ffd36feb000 	C:\WINDOWS\System32\gdi32full.dll
0x00007ffd37020000 - 0x00007ffd370c3000 	C:\WINDOWS\System32\msvcp_win.dll
0x00007ffd3a560000 - 0x00007ffd3a591000 	C:\WINDOWS\System32\IMM32.DLL
0x00007ffd10690000 - 0x00007ffd1069c000 	C:\Program Files\Eclipse Adoptium\jdk-17.0.16.8-hotspot\bin\vcruntime140_1.dll
0x00007ffce4f40000 - 0x00007ffce4fcd000 	C:\Program Files\Eclipse Adoptium\jdk-17.0.16.8-hotspot\bin\msvcp140.dll
0x00007ffc61e90000 - 0x00007ffc62afb000 	C:\Program Files\Eclipse Adoptium\jdk-17.0.16.8-hotspot\bin\server\jvm.dll
0x00007ffd38580000 - 0x00007ffd3863b000 	C:\WINDOWS\System32\ADVAPI32.dll
0x00007ffd38fe0000 - 0x00007ffd39087000 	C:\WINDOWS\System32\sechost.dll
0x00007ffd39660000 - 0x00007ffd39778000 	C:\WINDOWS\System32\RPCRT4.dll
0x00007ffd38af0000 - 0x00007ffd38b64000 	C:\WINDOWS\System32\WS2_32.dll
0x00007ffd36d20000 - 0x00007ffd36d7e000 	C:\WINDOWS\SYSTEM32\POWRPROF.dll
0x00007ffd22440000 - 0x00007ffd22475000 	C:\WINDOWS\SYSTEM32\WINMM.dll
0x00007ffd351e0000 - 0x00007ffd351eb000 	C:\WINDOWS\SYSTEM32\VERSION.dll
0x00007ffd36d00000 - 0x00007ffd36d14000 	C:\WINDOWS\SYSTEM32\UMPDC.dll
0x00007ffd35c10000 - 0x00007ffd35c2b000 	C:\WINDOWS\SYSTEM32\kernel.appcore.dll
0x00007ffd08da0000 - 0x00007ffd08daa000 	C:\Program Files\Eclipse Adoptium\jdk-17.0.16.8-hotspot\bin\jimage.dll
0x00007ffd34e00000 - 0x00007ffd35042000 	C:\WINDOWS\SYSTEM32\DBGHELP.DLL
0x00007ffd38c50000 - 0x00007ffd38fd2000 	C:\WINDOWS\System32\combase.dll
0x00007ffd39180000 - 0x00007ffd39257000 	C:\WINDOWS\System32\OLEAUT32.dll
0x00007ffd29e50000 - 0x00007ffd29e8b000 	C:\WINDOWS\SYSTEM32\dbgcore.DLL
0x00007ffd38000000 - 0x00007ffd380a5000 	C:\WINDOWS\System32\bcryptPrimitives.dll
0x00007ffd32030000 - 0x00007ffd3203e000 	C:\Program Files\Eclipse Adoptium\jdk-17.0.16.8-hotspot\bin\instrument.dll
0x00007ffcedf50000 - 0x00007ffcedf75000 	C:\Program Files\Eclipse Adoptium\jdk-17.0.16.8-hotspot\bin\java.dll
0x00007ffcb4470000 - 0x00007ffcb4547000 	C:\Program Files\Eclipse Adoptium\jdk-17.0.16.8-hotspot\bin\jsvml.dll
0x00007ffd39df0000 - 0x00007ffd3a54f000 	C:\WINDOWS\System32\SHELL32.dll
0x00007ffd37590000 - 0x00007ffd376fa000 	C:\WINDOWS\System32\wintypes.dll
0x00007ffd37700000 - 0x00007ffd37f64000 	C:\WINDOWS\System32\windows.storage.dll
0x00007ffd39790000 - 0x00007ffd39887000 	C:\WINDOWS\System32\SHCORE.dll
0x00007ffd39110000 - 0x00007ffd39177000 	C:\WINDOWS\System32\shlwapi.dll
0x00007ffd36de0000 - 0x00007ffd36e09000 	C:\WINDOWS\SYSTEM32\profapi.dll
0x00007ffcf5020000 - 0x00007ffcf5038000 	C:\Program Files\Eclipse Adoptium\jdk-17.0.16.8-hotspot\bin\zip.dll
0x00007ffcf8a80000 - 0x00007ffcf8a99000 	C:\Program Files\Eclipse Adoptium\jdk-17.0.16.8-hotspot\bin\net.dll
0x00007ffd2f1b0000 - 0x00007ffd2f2d7000 	C:\WINDOWS\SYSTEM32\WINHTTP.dll
0x00007ffd36160000 - 0x00007ffd361cb000 	C:\WINDOWS\system32\mswsock.dll
0x00007ffcf87b0000 - 0x00007ffcf87c6000 	C:\Program Files\Eclipse Adoptium\jdk-17.0.16.8-hotspot\bin\nio.dll
0x00007ffcedf40000 - 0x00007ffcedf50000 	C:\Program Files\Eclipse Adoptium\jdk-17.0.16.8-hotspot\bin\verify.dll
0x00007ffd21290000 - 0x00007ffd212b7000 	C:\Users\user\.gradle\native\1def1411415f61bf3af743bc5b6707747c0891f09f0c88961ee8f79bc544acac\windows-amd64\native-platform.dll
0x00007ffd07210000 - 0x00007ffd07287000 	C:\Users\user\.gradle\native\0.2.8\x86_64-windows-gnu\gradle-fileevents.dll
0x00007ffcfad40000 - 0x00007ffcfad4a000 	C:\Program Files\Eclipse Adoptium\jdk-17.0.16.8-hotspot\bin\management.dll
0x00007ffcf4a40000 - 0x00007ffcf4a4b000 	C:\Program Files\Eclipse Adoptium\jdk-17.0.16.8-hotspot\bin\management_ext.dll
0x00007ffd394b0000 - 0x00007ffd394b8000 	C:\WINDOWS\System32\PSAPI.DLL
0x00007ffd355d0000 - 0x00007ffd35603000 	C:\WINDOWS\SYSTEM32\IPHLPAPI.DLL
0x00007ffd384e0000 - 0x00007ffd384ea000 	C:\WINDOWS\System32\NSI.dll
0x00007ffd2f4c0000 - 0x00007ffd2f4dd000 	C:\WINDOWS\SYSTEM32\dhcpcsvc6.DLL
0x00007ffd2f490000 - 0x00007ffd2f4b3000 	C:\WINDOWS\SYSTEM32\dhcpcsvc.DLL
0x00007ffd356f0000 - 0x00007ffd3581a000 	C:\WINDOWS\SYSTEM32\DNSAPI.dll
0x00007ffcef490000 - 0x00007ffcef499000 	C:\Program Files\Eclipse Adoptium\jdk-17.0.16.8-hotspot\bin\extnet.dll
0x00007ffd36560000 - 0x00007ffd3657b000 	C:\WINDOWS\SYSTEM32\CRYPTSP.dll
0x00007ffd35b70000 - 0x00007ffd35ba9000 	C:\WINDOWS\system32\rsaenh.dll
0x00007ffd36210000 - 0x00007ffd36242000 	C:\WINDOWS\SYSTEM32\USERENV.dll
0x00007ffd36db0000 - 0x00007ffd36dda000 	C:\WINDOWS\SYSTEM32\bcrypt.dll
0x00007ffd363c0000 - 0x00007ffd363cc000 	C:\WINDOWS\SYSTEM32\CRYPTBASE.dll
0x00007ffcf07c0000 - 0x00007ffcf07ce000 	C:\Program Files\Eclipse Adoptium\jdk-17.0.16.8-hotspot\bin\sunmscapi.dll
0x00007ffd380b0000 - 0x00007ffd38227000 	C:\WINDOWS\System32\CRYPT32.dll
0x00007ffd366c0000 - 0x00007ffd366f0000 	C:\WINDOWS\SYSTEM32\ncrypt.dll
0x00007ffd36670000 - 0x00007ffd366af000 	C:\WINDOWS\SYSTEM32\NTASN1.dll
0x00007ffcf9920000 - 0x00007ffcf9928000 	C:\WINDOWS\system32\wshunix.dll
0x00007ffd35d30000 - 0x00007ffd35d66000 	C:\WINDOWS\SYSTEM32\ntmarta.dll

dbghelp: loaded successfully - version: 4.0.5 - missing functions: none
symbol engine: initialized successfully - sym options: 0x614 - pdb path: .;C:\Program Files\Eclipse Adoptium\jdk-17.0.16.8-hotspot\bin;C:\WINDOWS\SYSTEM32;C:\Program Files\Avast Software\Avast;C:\WINDOWS\WinSxS\amd64_microsoft.windows.common-controls_6595b64144ccf1df_6.0.26100.8037_none_3e092faae333b53b;C:\Program Files\Eclipse Adoptium\jdk-17.0.16.8-hotspot\bin\server;C:\Users\user\.gradle\native\1def1411415f61bf3af743bc5b6707747c0891f09f0c88961ee8f79bc544acac\windows-amd64;C:\Users\user\.gradle\native\0.2.8\x86_64-windows-gnu

VM Arguments:
jvm_args: --add-opens=java.base/java.lang=ALL-UNNAMED --add-opens=java.base/java.lang.invoke=ALL-UNNAMED --add-opens=java.base/java.util=ALL-UNNAMED --add-opens=java.prefs/java.util.prefs=ALL-UNNAMED --add-exports=jdk.compiler/com.sun.tools.javac.api=ALL-UNNAMED --add-exports=jdk.compiler/com.sun.tools.javac.util=ALL-UNNAMED --add-opens=java.base/java.util=ALL-UNNAMED --add-opens=java.prefs/java.util.prefs=ALL-UNNAMED --add-opens=java.base/java.nio.charset=ALL-UNNAMED --add-opens=java.base/java.net=ALL-UNNAMED --add-opens=java.base/java.util.concurrent=ALL-UNNAMED --add-opens=java.base/java.util.concurrent.atomic=ALL-UNNAMED --add-opens=java.xml/javax.xml.namespace=ALL-UNNAMED -XX:MaxMetaspaceSize=1g -Xmx4g -Dfile.encoding=windows-1252 -Duser.country=US -Duser.language=en -Duser.variant -javaagent:C:\Users\user\.gradle\wrapper\dists\gradle-9.0.0-bin\d6wjpkvcgsg3oed0qlfss3wgl\gradle-9.0.0\lib\agents\gradle-instrumentation-agent-9.0.0.jar 
java_command: org.gradle.launcher.daemon.bootstrap.GradleDaemon 9.0.0
java_class_path (initial): C:\Users\user\.gradle\wrapper\dists\gradle-9.0.0-bin\d6wjpkvcgsg3oed0qlfss3wgl\gradle-9.0.0\lib\gradle-daemon-main-9.0.0.jar
Launcher Type: SUN_STANDARD

[Global flags]
     intx CICompilerCount                          = 4                                         {product} {ergonomic}
   size_t CompressedClassSpaceSize                 = 872415232                                 {product} {ergonomic}
     uint ConcGCThreads                            = 2                                         {product} {ergonomic}
     uint G1ConcRefinementThreads                  = 8                                         {product} {ergonomic}
   size_t G1HeapRegionSize                         = 2097152                                   {product} {ergonomic}
    uintx GCDrainStackTargetSize                   = 64                                        {product} {ergonomic}
   size_t InitialHeapSize                          = 132120576                                 {product} {ergonomic}
   size_t MarkStackSize                            = 4194304                                   {product} {ergonomic}
   size_t MaxHeapSize                              = 4294967296                                {product} {command line}
   size_t MaxMetaspaceSize                         = 1073741824                                {product} {command line}
   size_t MaxNewSize                               = 2575302656                                {product} {ergonomic}
   size_t MinHeapDeltaBytes                        = 2097152                                   {product} {ergonomic}
   size_t MinHeapSize                              = 8388608                                   {product} {ergonomic}
    uintx NonNMethodCodeHeapSize                   = 5839372                                {pd product} {ergonomic}
    uintx NonProfiledCodeHeapSize                  = 122909434                              {pd product} {ergonomic}
    uintx ProfiledCodeHeapSize                     = 122909434                              {pd product} {ergonomic}
    uintx ReservedCodeCacheSize                    = 251658240                              {pd product} {ergonomic}
     bool SegmentedCodeCache                       = true                                      {product} {ergonomic}
   size_t SoftMaxHeapSize                          = 4294967296                             {manageable} {ergonomic}
     bool UseCompressedClassPointers               = true                           {product lp64_product} {ergonomic}
     bool UseCompressedOops                        = true                           {product lp64_product} {ergonomic}
     bool UseG1GC                                  = true                                      {product} {ergonomic}
     bool UseLargePagesIndividualAllocation        = false                                  {pd product} {ergonomic}

Logging:
Log output configuration:
 #0: stdout all=warning uptime,level,tags
 #1: stderr all=off uptime,level,tags

Environment Variables:
JAVA_HOME=C:\Program Files\Eclipse Adoptium\jdk-17.0.16.8-hotspot
PATH=C:\Users\user\.codex\tmp\arg0\codex-arg0knGHBi;C:\Users\user\AppData\Local\Programs\Microsoft VS Code;C:\Program Files\Eclipse Adoptium\jdk-17.0.16.8-hotspot\bin;C:\Python313\Scripts\;C:\Python313\;C:\WINDOWS\system32;C:\WINDOWS;C:\WINDOWS\System32\Wbem;C:\WINDOWS\System32\WindowsPowerShell\v1.0\;C:\WINDOWS\System32\OpenSSH\;C:\ProgramData\chocolatey\bin;C:\Program Files\Git\cmd;C:\Users\user\AppData\Local\Android\Sdk\platform-tools;C:\Users\user\AppData\Local\Android\Sdk\tools;%NVM_HOME%;%NVM_SYMLINK%;C:\Users\user\AppData\Roaming\npm;C:\Users\user\AppData\Local\Microsoft\WindowsApps;C:\Users\user\AppData\Local\Programs\Microsoft VS Code\bin;C:\Users\user\AppData\Local\nvm;C:\nvm4w\nodejs;C:\Users\user\AppData\Local\Android\Sdk\platform-tools;C:\Users\user\AppData\Local\Android\Sdk\cmdline-tools\latest\bin;C:\ProgramData\chocolatey\lib\gcloudsdk\tools\google-cloud-sdk\bin;c:\Users\user\.vscode\extensions\openai.chatgpt-26.325.31654-win32-x64\bin\windows-x86_64
USERNAME=user
OS=Windows_NT
PROCESSOR_IDENTIFIER=Intel64 Family 6 Model 142 Stepping 12, GenuineIntel
TMP=C:\Users\user\AppData\Local\Temp
TEMP=C:\Users\user\AppData\Local\Temp



Periodic native trim disabled


---------------  S Y S T E M  ---------------

OS:
 Windows 11 , 64 bit Build 26100 (10.0.26100.7920)
OS uptime: 0 days 0:51 hours
Hyper-V role detected

CPU: total 8 (initial active 8) (4 cores per cpu, 2 threads per core) family 6 model 142 stepping 12 microcode 0x100, cx8, cmov, fxsr, ht, mmx, 3dnowpref, sse, sse2, sse3, ssse3, sse4.1, sse4.2, popcnt, lzcnt, tsc, tscinvbit, avx, avx2, aes, erms, clmul, bmi1, bmi2, adx, fma, vzeroupper, clflush, clflushopt, hv
Processor Information for processor 0
  Max Mhz: 2112, Current Mhz: 1609, Mhz Limit: 1605
Processor Information for processor 1
  Max Mhz: 2112, Current Mhz: 1609, Mhz Limit: 1605
Processor Information for processor 2
  Max Mhz: 2112, Current Mhz: 1609, Mhz Limit: 1605
Processor Information for processor 3
  Max Mhz: 2112, Current Mhz: 1609, Mhz Limit: 1605
Processor Information for processor 4
  Max Mhz: 2112, Current Mhz: 1609, Mhz Limit: 1605
Processor Information for processor 5
  Max Mhz: 2112, Current Mhz: 1508, Mhz Limit: 1605
Processor Information for processor 6
  Max Mhz: 2112, Current Mhz: 1508, Mhz Limit: 1605
Processor Information for processor 7
  Max Mhz: 2112, Current Mhz: 1609, Mhz Limit: 1605

Memory: 4k page, system-wide physical 8038M (1026M free)
TotalPageFile size 21620M (AvailPageFile size 596M)
current process WorkingSet (physical memory assigned to process): 990M, peak: 1081M
current process commit charge ("private bytes"): 2557M, peak: 3077M

vm_info: OpenJDK 64-Bit Server VM (17.0.16+8) for windows-amd64 JRE (17.0.16+8), built on Jul 16 2025 10:37:56 by "admin" with MS VC++ 17.7 (VS2022)

END.
